"","x","y"
"1",404,"0.674833825324609"
"2",4172,"-0.65160343329279"
"3",3004,"-0.278574251423055"
"4",787,"0.618660659923533"
"5",37,"2.44106980617706"
"6",2332,"1.02637184558878"
"7",2489,"0.606147258941658"
"8",1449,"0.169592311164319"
"9",3665,"-0.818440270668843"
"10",3863,"-1.77587322944966"
"11",4374,"-0.923149802186918"
"12",875,"-0.180425510211763"
"13",172,"-0.0610533931568468"
"14",1602,"-0.0382427886601808"
"15",2012,"0.641122852850736"
"16",979,"-0.673489966541159"
"17",2018,"-0.974172524884597"
"18",319,"-1.33841684815913"
"19",1944,"1.53363784334693"
"20",4878,"-0.790180241933529"
"21",1450,"-0.647038658383419"
"22",3392,"0.4728653712919"
"23",3677,"0.384960282466499"
"24",980,"-0.359508090181912"
"25",4903,"0.636277713272006"
"26",3708,"1.30167047391674"
"27",258,"0.519489314622098"
"28",2652,"-1.55390619021551"
"29",3480,"-1.05758278558668"
"30",3443,"-0.0332036610847293"
"31",157,"0.174658186428423"
"32",1128,"0.86181865897377"
"33",1505,"0.120632009293748"
"34",3183,"-0.784381054267608"
"35",2396,"-0.235276834008971"
"36",2161,"0.0885669838733496"
"37",3533,"-0.427283369135016"
"38",4743,"0.881874878593543"
"39",902,"1.22428665837562"
"40",1085,"0.27362284296898"
"41",3401,"-1.75997396727487"
"42",2495,"0.500068907264347"
"43",3209,"-0.15576108966305"
"44",3302,"-0.959155620991685"
"45",481,"-1.9350594690836"
"46",3829,"1.56519938026862"
"47",3849,"0.978171464732494"
"48",4954,"0.974312394452555"
"49",4853,"-0.0145771492113994"
"50",1946,"0.272648703565592"
"51",2306,"0.0363731135096647"
"52",1577,"-0.00419228927715953"
"53",874,"1.66481158172975"
"54",2658,"1.32988165651315"
"55",2469,"1.89573725397772"
"56",3897,"1.11847935018929"
"57",1021,"-0.117801357018498"
"58",3567,"0.462209573767253"
"59",327,"-0.19732849188066"
"60",1772,"0.389172797071777"
"61",4126,"-0.766065945248612"
"62",1370,"-0.100055179285779"
"63",2851,"0.976692440731432"
"64",1679,"-1.45391384120975"
"65",2982,"0.22111578733103"
"66",958,"-0.0500454679030071"
"67",4739,"0.0950091423657263"
"68",2713,"-0.721294340844406"
"69",2724,"1.67984306681844"
"70",1393,"-0.11391492934563"
"71",2234,"0.517245313059607"
"72",1858,"-0.995130523941391"
"73",141,"-0.273215378367795"
"74",2330,"-1.44933943417644"
"75",1951,"-0.699678070653704"
"76",101,"-1.49858604631098"
"77",1885,"1.71277973343405"
"78",2800,"-1.46565569332996"
"79",4286,"-1.64841480151259"
"80",1925,"-0.85169682834266"
"81",2640,"-0.437408766369505"
"82",3004,"0.705629336400809"
"83",1307,"-0.938985743651893"
"84",1451,"0.466943872980067"
"85",2401,"0.214059313096761"
"86",4601,"2.2925335303471"
"87",2004,"0.834165713847121"
"88",1066,"-0.536163532670625"
"89",3359,"1.31403141106173"
"90",294,"0.641590601848821"
"91",4986,"0.346529240978376"
"92",746,"0.442881746068724"
"93",2593,"0.229289231260044"
"94",4231,"-0.544799422056845"
"95",3592,"-0.432345487010866"
"96",1207,"-1.05918739484829"
"97",2736,"0.646193654366222"
"98",4175,"-0.471825816578012"
"99",140,"-0.750913818905278"
"100",2347,"0.419189771137959"
"101",4029,"0.440364309973957"
"102",4071,"-1.13141416689071"
"103",2020,"0.560218051195561"
"104",1093,"0.511583975858"
"105",2092,"-0.549881397943273"
"106",3345,"1.20672699345149"
"107",2539,"2.40903522415971"
"108",3302,"1.17357765847957"
"109",2559,"0.409621404137147"
"110",4178,"-0.61253563563188"
"111",3544,"-1.63590447816003"
"112",4372,"1.18681419835281"
"113",58,"-1.89616257284609"
"114",4442,"0.948369869247133"
"115",4982,"1.00674190474298"
"116",2501,"0.00584479269101984"
"117",1795,"1.46243429896562"
"118",3875,"-0.532920371745559"
"119",2923,"0.994895959091805"
"120",3170,"0.396172736960616"
"121",4294,"-1.1469153971385"
"122",2835,"0.559473570522656"
"123",1265,"0.437370393995675"
"124",4595,"2.4214778186344"
"125",4337,"-1.18474867553159"
"126",1243,"-0.500349818942103"
"127",2015,"0.211875924695015"
"128",3849,"0.427029690228648"
"129",598,"-0.420035713037488"
"130",974,"0.648708273114989"
"131",823,"0.391430956538833"
"132",3317,"0.025773606608217"
"133",4283,"-1.89551909360238"
"134",4633,"-1.5298641695619"
"135",2762,"-0.283413512066811"
"136",2886,"-2.3096080025703"
"137",3438,"-1.22508667752486"
"138",1224,"-0.397113872043512"
"139",224,"0.30788739761445"
"140",4550,"-0.136865464162408"
"141",354,"-1.66151938792484"
"142",4985,"-0.568989084208209"
"143",3060,"1.08708470843778"
"144",863,"0.773912773677621"
"145",4548,"0.466359753554497"
"146",188,"-0.0491367993045008"
"147",2968,"2.211298011829"
"148",1185,"0.904254644143428"
"149",4532,"0.776143201309173"
"150",4095,"-0.497869574548208"
"151",3500,"-0.892141288285924"
"152",1101,"-1.13501643292669"
"153",3640,"0.619129083030235"
"154",1086,"0.403834396980053"
"155",2282,"0.974273212427048"
"156",1664,"-0.0852397089591827"
"157",2842,"1.75534402266807"
"158",1262,"0.466364502465254"
"159",2321,"-0.638271102541211"
"160",4589,"-0.331077647145973"
"161",4865,"-1.35707116191287"
"162",4096,"-1.1685592468448"
"163",4515,"0.511586498348713"
"164",2907,"0.506588848921122"
"165",3866,"0.482418596402661"
"166",4976,"-1.86409990393474"
"167",3555,"-0.533691007968507"
"168",1075,"-1.07826235903264"
"169",1459,"0.689512756904383"
"170",3609,"1.69913083874893"
"171",4334,"-2.11436791556238"
"172",1193,"-0.671696473741831"
"173",23,"0.520922542335504"
"174",4718,"-1.12668289548039"
"175",2191,"0.392308408024568"
"176",3754,"1.55687742996003"
"177",3340,"-1.25043588353606"
"178",2040,"0.823108161365712"
"179",1757,"-0.817191559105365"
"180",3691,"-1.55693675551574"
"181",3322,"0.73597913826659"
"182",427,"-0.431708952522278"
"183",4281,"1.09796857637181"
"184",385,"-1.6044935444217"
"185",4265,"0.908709798747304"
"186",532,"3.37195190033216"
"187",2425,"0.17723345648077"
"188",1237,"-0.826654471046045"
"189",3433,"-0.912007365951959"
"190",819,"0.713476199634357"
"191",4765,"0.870672546779291"
"192",1610,"-1.32263471024373"
"193",1808,"-0.653592284023151"
"194",4439,"0.249005741876074"
"195",4141,"0.0272979804263475"
"196",504,"0.64267847413344"
"197",4531,"-0.630838388865246"
"198",3864,"0.479354364511524"
"199",1917,"-0.218769806410153"
"200",4999,"0.376981542421478"
"201",1747,"-0.927735801787013"
"202",4737,"0.44669822472548"
"203",1081,"0.596176404101695"
"204",161,"2.60526223434649"
"205",727,"0.498584333779149"
"206",4272,"-0.737146243843608"
"207",1066,"0.105398526286424"
"208",1052,"-0.39999811633241"
"209",198,"-0.891849821458819"
"210",4724,"-0.820357101039873"
"211",1225,"0.539706380453252"
"212",3906,"1.49026987026063"
"213",1442,"-0.753358004721596"
"214",4377,"0.0807716023596394"
"215",1479,"-1.22222216606836"
"216",4918,"0.78377393886244"
"217",2950,"0.122295606136994"
"218",3796,"-0.325181846313655"
"219",4181,"1.0160028602062"
"220",3815,"-0.149174232113454"
"221",2087,"0.18539880493786"
"222",691,"0.320964210412118"
"223",405,"0.70472812055522"
"224",3280,"-1.03644354740688"
"225",3011,"-0.267826452613621"
"226",3285,"1.00095027086824"
"227",1647,"-0.691199558325732"
"228",4898,"-0.74152773191687"
"229",3576,"-0.263053097196331"
"230",4364,"-0.654070780474494"
"231",4917,"0.546392870459762"
"232",1093,"-0.0911878167435663"
"233",3323,"-0.0692212365819782"
"234",1948,"-1.21005959999965"
"235",231,"0.711121529525467"
"236",3085,"-0.36560914977577"
"237",2993,"-0.504680472172726"
"238",2035,"0.618124027245485"
"239",4292,"1.41044251169127"
"240",2589,"1.20672140284264"
"241",4897,"1.56682244394365"
"242",86,"-0.315812709195755"
"243",3368,"0.726843730450559"
"244",1857,"0.505086935313191"
"245",4591,"1.35266134936742"
"246",3390,"1.24086070243228"
"247",3326,"0.958261326911189"
"248",3781,"-0.0612276254128433"
"249",2715,"-0.446483655099068"
"250",1197,"-0.710657245965738"
"251",2545,"0.598800409877392"
"252",2087,"-0.54149393812788"
"253",3635,"-0.546042823255347"
"254",3189,"-1.41988145496119"
"255",1983,"0.239532539323321"
"256",4798,"-0.207192135391666"
"257",1494,"-0.502447462817682"
"258",252,"-0.426581051746302"
"259",2881,"-0.414045070475525"
"260",1090,"0.288186606610355"
"261",630,"-0.774880383235117"
"262",4691,"0.331637337261556"
"263",4007,"0.270615193176776"
"264",3791,"-0.279396351117085"
"265",2663,"-0.480367468353854"
"266",2735,"1.12937547504026"
"267",480,"-0.793873690417943"
"268",1942,"0.921430466182165"
"269",862,"-1.64957000956647"
"270",3454,"-0.755397304739646"
"271",3377,"0.12667843751952"
"272",4732,"-0.578464628659374"
"273",982,"0.163936568699828"
"274",4844,"-0.67925160371732"
"275",1936,"-0.238783271497505"
"276",3252,"-0.803638881591796"
"277",4073,"-0.286931748045275"
"278",355,"-2.30993890582217"
"279",2635,"0.485850888400111"
"280",3818,"0.306334771284166"
"281",2177,"0.59244237003849"
"282",2763,"0.765894044921692"
"283",1021,"1.66954476665412"
"284",156,"0.200439412581686"
"285",4849,"0.723840792721467"
"286",894,"0.567391601534996"
"287",3892,"0.787815374901598"
"288",4429,"1.16317003759138"
"289",4183,"-0.0611999165119683"
"290",3027,"-0.819303930419904"
"291",4535,"0.177690165489646"
"292",180,"-0.0630581986935038"
"293",658,"1.58519304267848"
"294",471,"-0.2566839870952"
"295",3483,"-1.67134500236656"
"296",2029,"0.818524557981146"
"297",329,"-1.00019017141569"
"298",633,"-0.0353719999242538"
"299",4687,"0.435920669177037"
"300",1082,"0.378531339354962"
"301",3331,"-0.970765116470808"
"302",1020,"0.147804003474343"
"303",2743,"-0.188716701054432"
"304",4138,"-0.42205037166157"
"305",638,"-0.163113501344106"
"306",1306,"-0.275706805217364"
"307",1443,"0.88865548725751"
"308",74,"1.213990278997"
"309",4269,"-1.46192417653322"
"310",2071,"-0.0738613374010917"
"311",3756,"0.366191667911617"
"312",3596,"1.03856511960611"
"313",2577,"1.13114346051803"
"314",4875,"-0.8955811602686"
"315",1804,"-2.54707714919498"
"316",852,"0.866161044702224"
"317",3916,"-1.39447992863082"
"318",155,"1.7131964291604"
"319",3948,"0.721301067871588"
"320",834,"-0.50311865307141"
"321",144,"-2.58467407809483"
"322",3930,"-0.266758193257173"
"323",4127,"0.657598672903427"
"324",4827,"-1.97778557590103"
"325",1894,"0.166764523056319"
"326",872,"-1.20818682653499"
"327",3019,"0.445956781028239"
"328",4028,"-2.31843740501177"
"329",184,"1.78596312469076"
"330",3665,"1.05373860686852"
"331",1077,"-0.90076587821458"
"332",81,"-1.09488623079631"
"333",644,"0.117863197382552"
"334",3431,"0.559215272697765"
"335",3210,"-1.36531342801819"
"336",1637,"1.63355378907543"
"337",1938,"-0.0483870719149843"
"338",3538,"-0.623202404198038"
"339",3489,"-0.788416652564331"
"340",4629,"0.713792402182141"
"341",2296,"1.60299067112426"
"342",2980,"1.40024975608947"
"343",826,"0.340611134649745"
"344",2835,"-0.455769596257106"
"345",4491,"0.349161539659194"
"346",2973,"-0.35213965610165"
"347",4159,"-0.861201957857566"
"348",2968,"0.0936471394991905"
"349",3895,"-0.920730619755665"
"350",1989,"0.747493908863917"
"351",4250,"-1.21247668245888"
"352",3710,"-0.818645314644374"
"353",1589,"0.954069298982367"
"354",559,"-0.285021237009062"
"355",506,"-0.0747765263389194"
"356",4001,"0.646373692938134"
"357",1900,"-0.136366115789621"
"358",264,"0.365505156673258"
"359",4933,"-0.18016242995028"
"360",3021,"0.601268923039414"
"361",744,"-0.924530139843716"
"362",2694,"0.429966585079808"
"363",629,"0.15622594462923"
"364",4816,"0.128707795028317"
"365",235,"0.854287426799092"
"366",808,"-0.527812860464437"
"367",4683,"-0.699859537985634"
"368",4854,"0.56505682942062"
"369",3552,"-0.0443895494194052"
"370",4426,"2.01013155908254"
"371",4885,"-2.44454827780868"
"372",175,"-0.0950402704382686"
"373",2194,"-0.641107491703054"
"374",3223,"-1.27007194987015"
"375",4975,"0.545080448727345"
"376",1574,"0.0929611814338418"
"377",4280,"-1.11240435761731"
"378",2702,"-0.0111189023097304"
"379",4368,"-0.0640672039214908"
"380",2578,"-0.536001766726239"
"381",4348,"-0.973323115665277"
"382",4283,"-0.092588464905367"
"383",1729,"0.829646076585389"
"384",1,"0.32069365624663"
"385",1026,"0.783161588563856"
"386",4727,"0.990229819930812"
"387",1407,"-0.552762453711139"
"388",4405,"0.715527146076511"
"389",4806,"-0.533249730233111"
"390",21,"0.0189917129293955"
"391",2765,"0.618037948315702"
"392",1097,"1.11949838092115"
"393",3234,"0.465753601832342"
"394",3639,"-0.163702585657116"
"395",4363,"0.0876424397836285"
"396",1910,"1.38528534995939"
"397",4464,"-0.244954187652205"
"398",4220,"-0.0886055288263296"
"399",3649,"-1.37734736007962"
"400",193,"-0.554267432217944"
"401",1670,"-0.644633415435058"
"402",3747,"0.858783554771912"
"403",4566,"-0.552612289405655"
"404",1022,"-3.03653375123987"
"405",2359,"1.11000765511583"
"406",1926,"-1.52286751536482"
"407",1964,"0.0606710820332997"
"408",1092,"0.016229491841923"
"409",37,"0.139735009039168"
"410",1819,"0.960235957051349"
"411",2631,"0.0147014131452842"
"412",4221,"-1.91683427801724"
"413",680,"1.06776941220965"
"414",1883,"0.297096919247959"
"415",1317,"-1.63064763967964"
"416",2490,"0.924942865466114"
"417",98,"-0.172691914708568"
"418",436,"0.249100002193418"
"419",4980,"-3.182030629037"
"420",4711,"-0.114598323059446"
"421",622,"-0.0865871211059951"
"422",576,"-0.0113550269114317"
"423",1834,"0.580811459055235"
"424",2356,"1.46701025094624"
"425",3921,"-2.42131151250979"
"426",2452,"-0.335261459623177"
"427",510,"-0.0478844616824998"
"428",4718,"-0.210819750410404"
"429",3531,"0.498325907871347"
"430",2512,"-0.22205802607298"
"431",2650,"-0.0601787285867853"
"432",1293,"-1.73671399871298"
"433",3559,"-1.91664196788771"
"434",4843,"-0.0920987109577416"
"435",3306,"0.756886184702071"
"436",3982,"0.717721599083234"
"437",367,"-1.69188107544212"
"438",4424,"-0.0935274575080993"
"439",4134,"0.149752056195154"
"440",3629,"0.207920714537549"
"441",1837,"-2.04704030372457"
"442",2618,"-0.391198554089282"
"443",2350,"0.276661237485634"
"444",493,"0.707172804172947"
"445",2581,"-0.969793178138821"
"446",2249,"-0.45843183419632"
"447",2748,"-1.07361378612961"
"448",3248,"1.45936618273696"
"449",796,"1.37745258294499"
"450",1469,"-0.604067648846038"
"451",4457,"-0.38387945025411"
"452",2941,"-0.294687136081983"
"453",3167,"2.36947752957968"
"454",1298,"0.922925318716575"
"455",1592,"-0.432516833874019"
"456",1697,"-0.522187208565832"
"457",3804,"0.382601798323774"
"458",55,"0.499173946113689"
"459",316,"-0.0743072945810738"
"460",1320,"1.67657538190715"
"461",2970,"-0.00790987978123315"
"462",1488,"-0.482887291723721"
"463",474,"-0.720459465617137"
"464",3807,"1.21722386233248"
"465",3863,"1.33208866966848"
"466",2010,"-0.695653689872146"
"467",296,"-1.7564639682064"
"468",3752,"-0.280921772729901"
"469",2642,"0.195215157067509"
"470",1380,"0.825346499714788"
"471",1307,"-2.56906312726252"
"472",2720,"-0.0343120607998512"
"473",996,"-1.25170914008824"
"474",3226,"-1.00580820954328"
"475",3752,"-0.701386162070319"
"476",1355,"-1.64838798963947"
"477",4379,"0.551035038588056"
"478",4259,"-1.75852876042602"
"479",230,"-0.2395438389669"
"480",1906,"-0.707750077200855"
"481",917,"0.892056680216118"
"482",4609,"-0.742678604864464"
"483",4531,"1.15903788985487"
"484",965,"1.60634529420617"
"485",4322,"-0.796353246721495"
"486",67,"0.519065528686284"
"487",4429,"1.33022412692365"
"488",1958,"0.469438998820999"
"489",381,"1.34803982781369"
"490",3234,"0.75499938846935"
"491",4584,"0.716754804277847"
"492",4173,"-0.3565755197293"
"493",2507,"0.786996015960641"
"494",3011,"0.884936006086961"
"495",2345,"-0.52881384317505"
"496",4432,"-1.00237364565365"
"497",3353,"1.4443575889329"
"498",1969,"-0.0905369647194498"
"499",2757,"-0.921382686363516"
"500",1213,"0.141355988565382"
"501",1017,"-0.0915375286380828"
"502",342,"1.60092339176543"
"503",1537,"-0.793570424561155"
"504",4966,"-1.16182762846182"
"505",582,"0.111446240686807"
"506",3578,"0.71681186613168"
"507",1131,"-1.39455398304572"
"508",667,"-0.701254920280907"
"509",4637,"-0.0181242857765611"
"510",4471,"1.84656463930564"
"511",1019,"1.4978962252298"
"512",1285,"-0.638018812348026"
"513",3071,"-0.500907306898139"
"514",2208,"-0.656751391169589"
"515",1578,"-0.708583230384431"
"516",507,"-0.627560662090975"
"517",1364,"0.31991554491873"
"518",3269,"0.241795550311906"
"519",4640,"-0.813906319854651"
"520",134,"0.90846892512686"
"521",2798,"1.36997882458486"
"522",4271,"-0.735818094797702"
"523",380,"-1.94792572788531"
"524",1030,"-1.24371412102294"
"525",2480,"1.93835738363474"
"526",1310,"0.708560313816479"
"527",2080,"0.620127301197176"
"528",2196,"1.04295176957155"
"529",912,"0.279583919288005"
"530",392,"-1.09622699843762"
"531",89,"-0.286936995145052"
"532",3641,"1.24764466482797"
"533",4855,"0.812771839572471"
"534",2677,"-1.82116606101066"
"535",833,"0.52611227258298"
"536",291,"-0.372728558041035"
"537",2296,"1.30395815584158"
"538",3114,"-0.715488144200199"
"539",2975,"0.159266539954907"
"540",3716,"1.8541243690433"
"541",2622,"-0.167327287429386"
"542",2485,"1.81386324183849"
"543",74,"-0.28618637496024"
"544",4790,"-0.31084239014185"
"545",2266,"-0.695083682512813"
"546",4908,"1.0330092789239"
"547",2724,"1.00654631957268"
"548",1801,"-1.15181680907344"
"549",2516,"-1.64940014137256"
"550",374,"0.772186746241608"
"551",4849,"0.943055352040653"
"552",3243,"1.33428569309203"
"553",4923,"-1.03958268813501"
"554",2681,"-0.435266049523011"
"555",3806,"1.17433312168898"
"556",2822,"0.322478896171398"
"557",3893,"0.270771788224688"
"558",3196,"0.581498604255835"
"559",1895,"-0.0709556319419535"
"560",1798,"0.367914758042946"
"561",4222,"1.58522621324934"
"562",2284,"0.484436730292659"
"563",896,"1.25866822778563"
"564",4832,"-0.593983343885179"
"565",3568,"-1.56798958043337"
"566",125,"-0.396092878244527"
"567",3133,"0.583733091667961"
"568",4140,"0.567853880039998"
"569",3216,"1.45305672566405"
"570",3543,"-0.851785495998432"
"571",4354,"0.888064594238496"
"572",1410,"0.73879198753628"
"573",867,"1.56542533825838"
"574",549,"0.401369355636666"
"575",2932,"0.388898861516466"
"576",4254,"1.3594590936568"
"577",4608,"-2.12837167349861"
"578",3379,"-0.490844415652432"
"579",1753,"-0.199109629553429"
"580",44,"-0.73480132258673"
"581",2155,"0.611209335899091"
"582",3625,"1.50879103518433"
"583",2062,"0.939955029565701"
"584",2755,"0.879347259122588"
"585",782,"-0.217117166078841"
"586",216,"-0.420036192820287"
"587",3424,"1.01627418270038"
"588",2573,"-1.95605484347008"
"589",4729,"-0.376023452494471"
"590",4216,"-0.584035667572943"
"591",325,"0.727590055324482"
"592",3811,"0.00498873023026505"
"593",392,"-0.581825670566661"
"594",668,"-1.10808361263958"
"595",4049,"-0.695006882017374"
"596",2797,"-0.700318393199783"
"597",3669,"-0.0266656146753814"
"598",1749,"0.963185190586911"
"599",4914,"0.514203664588393"
"600",2045,"-0.193740904860059"
"601",1805,"-0.152094140854091"
"602",3263,"-1.02887266077175"
"603",718,"0.0253855886994211"
"604",3404,"-0.22217250704191"
"605",4297,"-2.88793296190744"
"606",4194,"-0.0337085468577135"
"607",4407,"0.559232863666182"
"608",1189,"1.70668409297584"
"609",2894,"2.11844860434258"
"610",4490,"0.593414558194582"
"611",1723,"0.261239164365645"
"612",3805,"-0.40206520422544"
"613",3656,"0.762637032942129"
"614",4263,"0.312572961896197"
"615",4880,"-0.273344957234426"
"616",566,"-0.135560161212137"
"617",4852,"-0.624259566815086"
"618",3241,"-0.454499140184239"
"619",281,"-0.0580222804876386"
"620",2366,"0.980712831915172"
"621",1474,"0.941892121531834"
"622",3052,"0.437811898747182"
"623",606,"0.457755268714916"
"624",3148,"-0.569997859592515"
"625",3560,"0.330193592925875"
"626",3061,"-2.11172333590115"
"627",173,"-0.0832829114774313"
"628",3330,"-0.235101048437858"
"629",3265,"0.715871713642248"
"630",2260,"-0.646436711912059"
"631",2585,"-1.20282053464753"
"632",3384,"-1.11432450032428"
"633",4405,"-0.139069597920845"
"634",3657,"0.518039523049481"
"635",1994,"0.0835943877133387"
"636",2153,"0.908488188134604"
"637",728,"0.766832008977418"
"638",2256,"0.790210402441613"
"639",2894,"1.06054424061754"
"640",353,"-0.746945707478088"
"641",3712,"-1.09776869077758"
"642",2747,"-0.236449496637429"
"643",3173,"0.529973921953187"
"644",684,"1.44749610294305"
"645",4652,"-0.212304972224944"
"646",3256,"-0.117797149938715"
"647",2644,"-0.273925240694536"
"648",1126,"0.257505561644321"
"649",4917,"0.817108904544903"
"650",546,"-1.21512931147195"
"651",350,"0.982908128109461"
"652",3889,"-0.711940182690953"
"653",3292,"-1.10185392060994"
"654",1297,"1.27284805759996"
"655",4592,"2.06734633756541"
"656",744,"2.13036333192438"
"657",3204,"0.362015643774361"
"658",1007,"0.568752772229722"
"659",3719,"-0.991752163805296"
"660",4239,"1.67948927815162"
"661",4269,"-0.46736503425068"
"662",4018,"1.40879230948409"
"663",120,"-0.853972841108081"
"664",3977,"-0.104886264296055"
"665",4433,"-0.309594937570602"
"666",3001,"-0.288436143385592"
"667",2164,"-0.322929171284301"
"668",4602,"0.649093600179827"
"669",3081,"-0.301583885391006"
"670",2179,"0.987122840568914"
"671",4487,"0.440621869375526"
"672",3846,"0.00125010495076153"
"673",641,"-1.23294891214297"
"674",2694,"0.246454576977624"
"675",646,"-1.07966601001486"
"676",2555,"0.0631415759796687"
"677",2719,"-0.477218516248089"
"678",1209,"1.24547839966974"
"679",4016,"0.415978066002867"
"680",4740,"0.366355392216057"
"681",2037,"-1.02533011313351"
"682",2574,"-1.94642170030644"
"683",4908,"1.66968275585084"
"684",1771,"-1.1550027831662"
"685",2280,"-1.14047386630532"
"686",1101,"1.3485859793088"
"687",410,"-1.18294699220196"
"688",1847,"0.0576347109188562"
"689",634,"-0.00464642971654586"
"690",3700,"-0.532485601384268"
"691",4780,"2.83167014182656"
"692",3344,"0.598433999738285"
"693",2341,"0.149642669206334"
"694",2691,"-0.588438728408753"
"695",1655,"-0.567323705116536"
"696",3144,"0.808311011731368"
"697",2263,"0.460091408794749"
"698",4441,"-0.623155018766395"
"699",3922,"-0.470921181692764"
"700",691,"-1.21602384729804"
"701",1407,"0.168325626628227"
"702",3535,"0.368577791512546"
"703",2211,"-0.919356182148377"
"704",3389,"0.0466704297168524"
"705",3504,"1.4508153685666"
"706",343,"1.09615481193545"
"707",4793,"1.607779656089"
"708",1223,"-1.45697776703375"
"709",4632,"0.0899660964738152"
"710",2514,"-0.839581957125353"
"711",4678,"2.13979217792372"
"712",2194,"-1.40923529029347"
"713",1753,"-0.419071258207852"
"714",2383,"-0.172725698318648"
"715",4831,"-0.722841707611612"
"716",1486,"-0.411644325285022"
"717",1454,"-2.11093051855554"
"718",4299,"0.500506958814346"
"719",967,"-2.59015806475927"
"720",4046,"0.301401771868033"
"721",1828,"0.274695235242267"
"722",1264,"1.73962382142224"
"723",4281,"-0.220621210841357"
"724",651,"0.406443545727678"
"725",3960,"0.431738480565542"
"726",1780,"-0.0250017145978699"
"727",4822,"1.31348859708978"
"728",594,"0.833658801093964"
"729",2291,"-0.861467638356401"
"730",2619,"0.85656925292946"
"731",4186,"0.797554107329303"
"732",168,"1.08460598821415"
"733",217,"-0.640800927782907"
"734",3961,"0.0856180224880674"
"735",1014,"-0.329943091855142"
"736",344,"0.76784122071765"
"737",4323,"-0.918039407858358"
"738",386,"0.4179615377651"
"739",2156,"1.08981802970075"
"740",4869,"0.855954932669805"
"741",2855,"-0.93504696282514"
"742",3773,"0.40214929674003"
"743",1213,"-0.484876325183944"
"744",3136,"-0.598928863024823"
"745",843,"-0.442841784094968"
"746",2224,"1.27597717627929"
"747",824,"1.25993040480955"
"748",592,"-0.968036457733517"
"749",1838,"1.20261163439162"
"750",4733,"-0.588414622108388"
"751",4378,"-0.733871132978651"
"752",1301,"0.67196783430521"
"753",3287,"-1.21767198335675"
"754",610,"-2.24273133068277"
"755",1595,"-0.335664440808933"
"756",3116,"0.899508257819673"
"757",2235,"-1.4178290131757"
"758",3542,"0.88722134755727"
"759",4451,"-0.547293062799364"
"760",522,"0.60684557894182"
"761",3153,"-0.665364219049507"
"762",4208,"0.53443473141461"
"763",1822,"1.21257909674229"
"764",3115,"0.239535361166097"
"765",2304,"1.05135669769174"
"766",818,"-0.967686493152429"
"767",2570,"1.39897274370926"
"768",717,"-0.813972645929592"
"769",3252,"-2.36515251794876"
"770",777,"0.234540764839087"
"771",2542,"2.3540127417986"
"772",430,"0.163859607547643"
"773",2516,"0.350369148131487"
"774",193,"-0.675258871851163"
"775",4121,"1.09408259080188"
"776",1430,"0.353738418304797"
"777",1234,"0.375360609323365"
"778",1990,"0.63047671944549"
"779",3161,"0.450511237279524"
"780",4743,"-2.03294097768045"
"781",1701,"-0.646040646478254"
"782",3137,"-1.80267197396158"
"783",4125,"1.20604591525076"
"784",726,"-0.76366769597472"
"785",4836,"0.34338453378737"
"786",431,"-1.79219202590436"
"787",1203,"-1.79383396829922"
"788",3195,"-1.07586069689188"
"789",2517,"-0.827921885998839"
"790",1253,"-0.303230959538541"
"791",4896,"0.30548434833633"
"792",3283,"0.339581534711618"
"793",450,"-0.708121394847043"
"794",3153,"-1.35795100016264"
"795",4384,"0.273439990486206"
"796",4652,"1.78529629464899"
"797",2098,"-1.57512910428608"
"798",2478,"-0.350294242604337"
"799",1764,"0.640514926199835"
"800",1244,"-0.1881354146121"
"801",4794,"-1.30726636051497"
"802",1800,"-1.37158679408868"
"803",995,"-0.148538633290792"
"804",3632,"0.826264144937336"
"805",841,"1.20746174219879"
"806",1133,"-1.31709070296091"
"807",4228,"-0.549635946973615"
"808",1730,"-0.00268232573439114"
"809",337,"-1.45182891424734"
"810",136,"-0.331754165955087"
"811",591,"-1.60540854296698"
"812",69,"-0.388913718111788"
"813",3679,"1.61735614018605"
"814",4620,"-0.306079190354703"
"815",4911,"0.991178135946978"
"816",2027,"-1.06557054612405"
"817",1349,"-0.704857641687218"
"818",2442,"-0.189370387652382"
"819",256,"-1.695641909266"
"820",13,"0.344685943783067"
"821",2480,"0.429549998604186"
"822",1219,"-0.326282980037265"
"823",1279,"-0.413663884098662"
"824",2762,"-0.215010748061877"
"825",1258,"-0.074619920724476"
"826",3143,"-1.13248472709984"
"827",1581,"-1.16214349322153"
"828",4623,"2.77431990602528"
"829",4533,"1.31958614454289"
"830",460,"1.11869232664552"
"831",3689,"0.361652790975775"
"832",2849,"0.658784534584993"
"833",3483,"-0.0421360735431234"
"834",3504,"-0.878698498536958"
"835",200,"0.727598508892656"
"836",2158,"0.484448935447565"
"837",4072,"0.291418511612371"
"838",2833,"-0.00076320685509345"
"839",2942,"-0.652124562976716"
"840",4402,"-2.36124716186148"
"841",3597,"0.262941348218941"
"842",4683,"-1.13387318567979"
"843",2148,"-1.2171222166683"
"844",1431,"0.321729874219413"
"845",3854,"-2.8359087176235"
"846",3083,"-0.919324169232426"
"847",797,"-2.22737962160233"
"848",2008,"2.68170487927287"
"849",9,"0.227455724111953"
"850",2090,"-0.807554284656884"
"851",3820,"-0.0816529646878363"
"852",3973,"-0.328109155503513"
"853",1213,"0.829164038832754"
"854",3796,"0.434803453317393"
"855",146,"-0.351678638740216"
"856",2187,"0.477605230592565"
"857",2653,"-0.106423508903314"
"858",2150,"-1.74580760879372"
"859",4047,"0.904936966881847"
"860",4613,"-0.0267787196843864"
"861",3376,"0.0254972519714904"
"862",470,"1.61558066315283"
"863",988,"-0.283777640550208"
"864",2378,"0.799880928713697"
"865",3572,"1.72863494277662"
"866",2691,"-0.983052918944289"
"867",4377,"0.164918590430856"
"868",1468,"-1.16959696983804"
"869",1124,"1.03351053695134"
"870",3455,"2.4949708632896"
"871",1562,"1.89868162303706"
"872",2417,"0.117417135046081"
"873",609,"0.385588406958895"
"874",3451,"-1.32305824118032"
"875",1579,"-0.104505226763795"
"876",4081,"-1.51610113503532"
"877",2730,"-1.04242173518149"
"878",4737,"-0.656793975171596"
"879",193,"1.39580323160054"
"880",3239,"-0.866798609668571"
"881",399,"-0.586108688089902"
"882",2165,"-0.932825252950557"
"883",3805,"0.672162230819095"
"884",1469,"-0.912362063424454"
"885",537,"1.48336710110417"
"886",365,"0.49973101052488"
"887",1782,"0.531113372800444"
"888",2858,"-0.569015620915785"
"889",3390,"-0.495507953507372"
"890",3454,"0.279768992405255"
"891",1868,"1.14988830027889"
"892",490,"0.603870822275576"
"893",496,"0.720108742658759"
"894",3875,"0.214987530641241"
"895",758,"-1.34230332273915"
"896",1974,"-0.609290366266981"
"897",4675,"-0.980486736509182"
"898",3698,"-0.125172386076953"
"899",3179,"0.304671910918287"
"900",1692,"0.53023507479852"
"901",4813,"1.3142154453329"
"902",559,"0.45620597033181"
"903",3253,"1.69523183806957"
"904",4918,"-0.482321832762292"
"905",896,"0.413251086462802"
"906",690,"0.0552543011698864"
"907",283,"0.520180443583835"
"908",2732,"0.822689260186855"
"909",2333,"0.381526073219086"
"910",4482,"1.24461830271896"
"911",93,"0.362932963965848"
"912",4255,"-0.496685649664705"
"913",2508,"-0.465407842815869"
"914",831,"1.83076539347322"
"915",1806,"1.34561791824513"
"916",3261,"1.24641052484735"
"917",4371,"1.42860804167993"
"918",3642,"-1.8848928211103"
"919",2063,"-0.26797381206639"
"920",797,"0.748020185271566"
"921",4229,"0.650031397875435"
"922",4422,"-1.42075824217137"
"923",1980,"0.502963634370645"
"924",191,"-1.30184943801176"
"925",4757,"1.43249642566842"
"926",3919,"0.0179765701658018"
"927",1098,"-0.248687944719437"
"928",1655,"3.04944981373226"
"929",889,"0.734915015229284"
"930",1813,"0.336664943043153"
"931",1958,"-0.925329958577531"
"932",4520,"-0.912868583509263"
"933",1383,"1.54375998474065"
"934",697,"-0.835597250050761"
"935",2257,"1.09758093955799"
"936",552,"-1.3425510283762"
"937",4405,"2.23447166077748"
"938",2670,"0.828762090995337"
"939",3697,"0.15132151383908"
"940",3598,"0.547752651507297"
"941",1323,"-0.18456213145444"
"942",3370,"-0.131512130117997"
"943",1049,"0.115499730932179"
"944",3453,"-0.805095030394246"
"945",974,"0.827287121331057"
"946",3911,"-0.329387227912612"
"947",76,"2.34596174431358"
"948",4671,"-0.962295032427198"
"949",423,"0.869083710138039"
"950",171,"0.453971752085637"
"951",1555,"0.0825096428296117"
"952",3924,"-0.479099908871253"
"953",1403,"-0.998663759637577"
"954",827,"-0.731800721984027"
"955",2168,"-1.69508270514027"
"956",4071,"0.0372421753611581"
"957",3433,"-0.557098797623674"
"958",3887,"0.298764478843048"
"959",457,"0.166158983190159"
"960",3714,"0.249910814924729"
"961",1984,"0.26315203588732"
"962",1481,"-0.110028663456712"
"963",3715,"1.20080252035335"
"964",2333,"-1.70798005538074"
"965",3866,"0.481187466094209"
"966",111,"-0.00559753788882735"
"967",4076,"-0.142208676982561"
"968",1520,"-0.600573734228271"
"969",4659,"0.186592515173997"
"970",2703,"-1.50947922700866"
"971",1275,"1.62347089086519"
"972",2388,"-0.338201586828385"
"973",3523,"-1.32933926730993"
"974",38,"-0.909441991619373"
"975",3863,"-0.121228865447522"
"976",1329,"-1.3869444001836"
"977",4856,"-0.541951946866443"
"978",953,"0.378833583189145"
"979",99,"-0.309298061344896"
"980",3062,"-0.542656032305807"
"981",2629,"0.760333454830958"
"982",3173,"0.700069284709609"
"983",1978,"0.364655608030383"
"984",875,"2.46570648300538"
"985",1637,"0.679057780397269"
"986",3074,"1.30295970949311"
"987",396,"-1.32552753015576"
"988",2596,"0.0524192756540156"
"989",1532,"0.784845074932794"
"990",3357,"0.64112890063856"
"991",1969,"0.636586846094575"
"992",3740,"0.831185623098563"
"993",695,"-0.811323187065977"
"994",1887,"-0.694304513635322"
"995",3207,"1.61897405457569"
"996",4971,"2.57745546348346"
"997",1843,"0.751050927193008"
"998",1687,"-0.274097350332191"
"999",4569,"-0.757176192248044"
"1000",4548,"-1.55099109148344"
"1001",0.238379751,"0.842523351772515"
"1002",0.411679972,"18/05/2018"
"1003",0.746071676,"5/09/2015"
"1004",0.723450554,"28/11/2012"
"1005",0.614524137,"13/01/2020"
"1006",0.473980569,"17/04/2016"
"1007",0.578461039,"14/05/2011"
"1008",0.241593723,"18/07/2020"
"1009",0.114378662,"30/04/2011"
"1010",0.298344633,"11/05/2010"
"1011",0.484119495,"2/11/2014"
"1012",0.567406318,"23/06/2014"
"1013",0.753953109,"31/05/2017"
"1014",0.545425236,"18/11/2017"
"1015",0.759677961,"20/04/2013"
"1016",0.212967463,"11/12/2010"
"1017",0.839265024,"10/10/2022"
"1018",0.406697055,"11/11/2010"
"1019",0.8737398,"22/03/2015"
"1020",0.882156538,"25/12/2013"
"1021",0.107689368,"27/02/2011"
"1022",0.574544371,"14/12/2015"
"1023",0.996033379,"10/02/2021"
"1024",0.850553432,"28/11/2012"
"1025",0.437655055,"4/04/2020"
"1026",0.326429925,"8/04/2021"
"1027",0.335968859,"13/03/2022"
"1028",0.239273816,"28/03/2010"
"1029",0.421371124,"4/01/2023"
"1030",0.512136831,"2/04/2012"
"1031",0.185446366,"9/11/2015"
"1032",0.326400522,"13/01/2017"
"1033",0.817073643,"25/02/2011"
"1034",0.748737998,"4/04/2019"
"1035",0.531741869,"1/04/2022"
"1036",0.961571368,"4/05/2016"
"1037",0.104046372,"2/06/2010"
"1038",0.737123667,"8/03/2017"
"1039",0.847479981,"17/11/2014"
"1040",0.643738754,"8/07/2011"
"1041",0.232457198,"26/03/2010"
"1042",0.916229566,"20/11/2015"
"1043",0.424597556,"28/08/2018"
"1044",0.192943506,"17/09/2017"
"1045",0.701550336,"17/10/2010"
"1046",0.99258071,"21/08/2023"
"1047",0.708912507,"13/10/2015"
"1048",0.517485157,"9/09/2017"
"1049",0.708732048,"24/03/2021"
"1050",0.375140479,"1/03/2016"
"1051",0.254773766,"9/10/2021"
"1052",0.996412935,"17/05/2020"
"1053",0.52289536,"10/09/2022"
"1054",0.715809418,"13/02/2011"
"1055",0.002492428,"4/09/2010"
"1056",0.292968772,"23/09/2014"
"1057",0.180816001,"16/01/2010"
"1058",0.407593892,"15/04/2019"
"1059",0.216995889,"11/04/2018"
"1060",0.07134267,"20/08/2011"
"1061",0.253311581,"8/08/2021"
"1062",0.652479521,"27/07/2022"
"1063",0.734444106,"29/06/2013"
"1064",0.817513144,"28/09/2013"
"1065",0.305990338,"16/10/2014"
"1066",0.885247568,"3/06/2020"
"1067",0.606558852,"15/07/2015"
"1068",0.881019168,"24/10/2012"
"1069",0.679920633,"16/01/2018"
"1070",0.142943662,"12/03/2018"
"1071",0.765465581,"14/12/2010"
"1072",0.626966629,"30/11/2020"
"1073",0.730338461,"26/06/2020"
"1074",0.423704411,"31/05/2021"
"1075",0.268330776,"14/02/2010"
"1076",0.769048036,"20/03/2018"
"1077",0.587346678,"28/06/2016"
"1078",0.898567755,"10/05/2015"
"1079",0.870324539,"17/05/2014"
"1080",0.399306237,"4/11/2010"
"1081",0.965119112,"3/05/2015"
"1082",0.495991045,"9/10/2020"
"1083",0.466597516,"28/10/2019"
"1084",0.107744531,"8/02/2011"
"1085",0.91429805,"25/09/2015"
"1086",0.14380345,"23/12/2010"
"1087",0.265187191,"13/02/2018"
"1088",0.148463049,"31/01/2019"
"1089",0.414248683,"14/06/2017"
"1090",0.108949674,"16/09/2020"
"1091",0.247077948,"30/04/2018"
"1092",0.59064311,"23/03/2011"
"1093",0.328267297,"26/11/2022"
"1094",0.732970522,"31/05/2022"
"1095",0.727905224,"16/10/2019"
"1096",0.545723421,"9/10/2018"
"1097",0.733746318,"10/07/2016"
"1098",0.933358376,"17/05/2010"
"1099",0.243392595,"13/01/2016"
"1100",0.282959055,"17/01/2015"
"1101",0.216625959,"14/04/2018"
"1102",0.120041428,"23/07/2021"
"1103",0.170263659,"9/08/2019"
"1104",0.521528885,"5/11/2018"
"1105",0.963494028,"7/11/2013"
"1106",0.887872519,"21/03/2020"
"1107",0.636446597,"28/04/2021"
"1108",0.329380251,"24/08/2019"
"1109",0.602222412,"15/04/2013"
"1110",0.772161534,"14/06/2016"
"1111",0.210135293,"22/05/2011"
"1112",0.584308366,"13/01/2020"
"1113",0.542075811,"9/07/2020"
"1114",0.092396643,"6/02/2023"
"1115",0.369340825,"14/08/2014"
"1116",0.952429423,"20/10/2013"
"1117",0.949689241,"21/06/2015"
"1118",0.449776822,"15/04/2013"
"1119",0.259818244,"16/11/2014"
"1120",0.01890617,"12/04/2014"
"1121",0.721405048,"24/02/2022"
"1122",0.952809649,"4/12/2012"
"1123",0.440223304,"30/06/2014"
"1124",0.504012379,"16/01/2019"
"1125",0.043556998,"12/12/2021"
"1126",0.922474456,"8/03/2019"
"1127",0.923789556,"18/11/2017"
"1128",0.605647714,"14/07/2013"
"1129",0.004081981,"7/03/2011"
"1130",0.656856437,"19/07/2021"
"1131",0.15092895,"2/05/2011"
"1132",0.199160667,"16/04/2016"
"1133",0.239638329,"24/03/2010"
"1134",0.661573967,"28/07/2018"
"1135",0.241788822,"28/04/2016"
"1136",0.071549739,"22/09/2014"
"1137",0.704671928,"10/05/2020"
"1138",0.31539691,"25/01/2011"
"1139",0.375875195,"8/05/2014"
"1140",0.815097742,"1/07/2012"
"1141",0.200559966,"28/02/2023"
"1142",0.301930187,"25/11/2020"
"1143",0.087720242,"27/05/2023"
"1144",0.183320128,"21/04/2011"
"1145",0.206801875,"11/02/2019"
"1146",0.854959499,"28/09/2021"
"1147",0.262909897,"29/11/2013"
"1148",0.945334274,"5/07/2017"
"1149",0.79273547,"8/10/2012"
"1150",0.831581892,"27/11/2022"
"1151",0.618977225,"19/12/2018"
"1152",0.443733629,"3/12/2022"
"1153",0.964625613,"18/12/2010"
"1154",0.162198704,"27/12/2010"
"1155",0.185653791,"29/09/2014"
"1156",0.61310142,"9/06/2021"
"1157",0.481484478,"20/02/2016"
"1158",0.396137898,"17/11/2021"
"1159",0.318756408,"25/04/2010"
"1160",0.838375009,"19/08/2023"
"1161",0.299203526,"10/03/2012"
"1162",0.616061836,"12/07/2010"
"1163",0.462103836,"28/01/2019"
"1164",0.939205956,"5/01/2010"
"1165",0.006291386,"3/07/2016"
"1166",0.349427485,"1/07/2018"
"1167",0.566271393,"30/05/2016"
"1168",0.528957064,"26/11/2015"
"1169",0.637015399,"2/09/2016"
"1170",0.350795879,"12/03/2020"
"1171",0.924171197,"27/03/2013"
"1172",0.474041223,"19/10/2016"
"1173",0.778134117,"24/10/2011"
"1174",0.798736535,"1/02/2019"
"1175",0.87849991,"25/12/2012"
"1176",0.909843855,"29/02/2020"
"1177",0.445537756,"9/07/2010"
"1178",0.289559328,"4/12/2018"
"1179",0.303310736,"31/07/2014"
"1180",0.919024348,"11/01/2013"
"1181",0.935712395,"17/04/2010"
"1182",0.671648327,"5/01/2021"
"1183",0.371269966,"27/08/2023"
"1184",0.567131436,"16/12/2014"
"1185",0.478598442,"20/10/2022"
"1186",0.567748785,"4/01/2019"
"1187",0.28653884,"12/01/2017"
"1188",0.759599129,"3/11/2017"
"1189",0.228465773,"20/07/2020"
"1190",0.426505393,"2/06/2010"
"1191",0.456584728,"26/05/2011"
"1192",0.709906759,"5/03/2014"
"1193",0.287456979,"17/12/2015"
"1194",0.773060263,"28/12/2015"
"1195",0.574562286,"16/09/2013"
"1196",0.021795763,"27/02/2022"
"1197",0.77302648,"2/04/2022"
"1198",0.059128934,"29/01/2017"
"1199",0.027648301,"15/03/2018"
"1200",0.740846594,"18/12/2018"
"1201",0.593320847,"10/08/2010"
"1202",0.686676719,"6/05/2022"
"1203",0.735310225,"8/09/2012"
"1204",0.461105207,"18/01/2021"
"1205",0.661999277,"22/01/2016"
"1206",0.000958,"5/01/2020"
"1207",0.97596553,"8/02/2015"
"1208",0.220163456,"13/12/2010"
"1209",0.306327838,"29/11/2015"
"1210",0.731566637,"3/08/2017"
"1211",0.133506226,"27/06/2011"
"1212",0.099836061,"10/05/2022"
"1213",0.171385154,"24/05/2010"
"1214",0.61718159,"9/05/2011"
"1215",0.683263308,"1/05/2016"
"1216",0.790574069,"2/04/2012"
"1217",0.213248126,"9/01/2017"
"1218",0.792010886,"30/11/2022"
"1219",0.592634409,"13/04/2019"
"1220",0.606263602,"9/10/2015"
"1221",0.110768544,"20/07/2022"
"1222",0.195608638,"25/10/2017"
"1223",0.007070776,"21/08/2014"
"1224",0.940870595,"29/04/2021"
"1225",0.068209351,"19/04/2020"
"1226",0.13692918,"20/03/2013"
"1227",0.332817025,"25/08/2014"
"1228",0.489688292,"27/09/2014"
"1229",0.17295454,"20/02/2014"
"1230",0.064939242,"18/07/2018"
"1231",0.45166699,"20/05/2013"
"1232",0.379402354,"26/04/2011"
"1233",0.909298368,"29/07/2012"
"1234",0.029946458,"26/06/2010"
"1235",0.194796364,"12/02/2017"
"1236",0.679479371,"16/06/2012"
"1237",0.747466302,"9/11/2017"
"1238",0.649537714,"10/08/2018"
"1239",0.077580677,"19/09/2013"
"1240",0.599653656,"3/12/2017"
"1241",0.879010812,"8/03/2013"
"1242",0.732037156,"25/09/2011"
"1243",0.080053086,"25/08/2023"
"1244",0.832749812,"30/06/2016"
"1245",0.864705698,"29/03/2011"
"1246",0.712964972,"7/04/2013"
"1247",0.757407111,"20/07/2013"
"1248",0.122433916,"10/05/2010"
"1249",0.193697882,"28/05/2012"
"1250",0.314178289,"28/06/2018"
"1251",0.137532982,"10/01/2013"
"1252",0.84780288,"25/11/2010"
"1253",0.485221987,"31/10/2018"
"1254",0.470242726,"13/04/2014"
"1255",0.791045374,"1/10/2018"
"1256",0.312983273,"3/05/2023"
"1257",0.308764513,"24/03/2012"
"1258",0.345155336,"30/04/2017"
"1259",0.828443315,"5/01/2018"
"1260",0.273995498,"14/05/2014"
"1261",0.430836086,"30/05/2016"
"1262",0.41689784,"3/10/2018"
"1263",0.134312199,"24/01/2011"
"1264",0.686341399,"5/08/2023"
"1265",0.172078117,"10/11/2021"
"1266",0.923493444,"15/12/2020"
"1267",0.613743593,"8/10/2021"
"1268",0.315629447,"10/12/2020"
"1269",0.809733091,"9/07/2014"
"1270",0.902374101,"19/11/2015"
"1271",0.125297799,"28/12/2012"
"1272",0.565557193,"14/01/2015"
"1273",0.127641106,"23/06/2010"
"1274",0.627597616,"15/04/2023"
"1275",0.075323954,"16/10/2011"
"1276",0.285451324,"21/03/2016"
"1277",0.310602429,"18/09/2021"
"1278",0.146727562,"11/12/2011"
"1279",0.799770513,"16/12/2010"
"1280",0.171996079,"16/10/2017"
"1281",0.785683812,"30/10/2010"
"1282",0.470035764,"12/12/2019"
"1283",0.432957729,"13/09/2020"
"1284",0.57453286,"17/05/2017"
"1285",0.729969945,"27/09/2021"
"1286",0.894187148,"31/12/2014"
"1287",0.220306369,"7/11/2015"
"1288",0.291596438,"26/10/2018"
"1289",0.812898749,"17/11/2022"
"1290",0.04360233,"7/11/2010"
"1291",0.505271665,"10/09/2015"
"1292",0.241655882,"27/01/2010"
"1293",0.589142418,"13/04/2021"
"1294",0.971140569,"19/03/2019"
"1295",0.232721003,"11/01/2019"
"1296",0.867418015,"13/06/2014"
"1297",0.110761743,"18/05/2011"
"1298",0.80149178,"8/07/2016"
"1299",0.657924454,"21/12/2012"
"1300",0.652054297,"21/10/2013"
"1301",0.226322645,"28/02/2010"
"1302",0.853979631,"15/03/2018"
"1303",0.43560704,"28/02/2016"
"1304",0.289281737,"23/07/2017"
"1305",0.63758467,"7/09/2022"
"1306",0.264539459,"26/12/2017"
"1307",0.386268378,"9/01/2011"
"1308",0.61919397,"2/06/2011"
"1309",0.541678083,"20/09/2022"
"1310",0.484831,"22/06/2013"
"1311",0.764294919,"18/02/2013"
"1312",0.961026937,"2/07/2014"
"1313",0.270584533,"19/03/2015"
"1314",0.730600221,"21/10/2013"
"1315",0.134165546,"28/08/2018"
"1316",0.048398228,"8/03/2014"
"1317",0.70360707,"21/09/2013"
"1318",0.147213794,"19/02/2015"
"1319",0.769155333,"4/04/2015"
"1320",0.17635011,"26/04/2021"
"1321",0.110758999,"12/02/2016"
"1322",0.938342408,"9/09/2019"
"1323",0.84647114,"7/11/2020"
"1324",0.571143582,"15/02/2021"
"1325",0.679093406,"18/05/2015"
"1326",0.089322244,"12/11/2013"
"1327",0.785374125,"25/06/2023"
"1328",0.226957448,"10/07/2013"
"1329",0.448178465,"23/10/2021"
"1330",0.161227637,"16/11/2019"
"1331",0.17611169,"24/07/2020"
"1332",0.198228124,"8/10/2010"
"1333",0.357611314,"23/07/2011"
"1334",0.181333204,"15/12/2019"
"1335",0.56114486,"10/08/2018"
"1336",0.65908301,"27/08/2020"
"1337",0.660253409,"24/01/2014"
"1338",0.002400788,"14/10/2020"
"1339",0.993446034,"1/05/2022"
"1340",0.627489231,"5/05/2016"
"1341",0.014630336,"2/01/2017"
"1342",0.205178217,"28/05/2012"
"1343",0.663076664,"28/09/2014"
"1344",0.46374403,"23/06/2018"
"1345",0.360348158,"3/05/2013"
"1346",0.689366391,"4/12/2022"
"1347",0.258860788,"7/12/2010"
"1348",0.851205032,"23/03/2021"
"1349",0.480004691,"4/09/2022"
"1350",0.53726639,"5/05/2014"
"1351",0.661639897,"28/12/2014"
"1352",0.30085451,"11/11/2010"
"1353",0.263501516,"17/08/2016"
"1354",0.30504613,"24/07/2010"
"1355",0.874958266,"28/03/2022"
"1356",0.718437217,"15/11/2017"
"1357",0.406919694,"23/03/2011"
"1358",0.019359473,"21/02/2022"
"1359",0.050180359,"17/11/2013"
"1360",0.702251032,"28/09/2015"
"1361",0.06637027,"16/04/2013"
"1362",0.036132368,"27/10/2010"
"1363",0.020153696,"9/06/2010"
"1364",0.372781097,"31/10/2018"
"1365",0.225665404,"7/07/2015"
"1366",0.4919181,"10/04/2019"
"1367",0.446645157,"19/01/2015"
"1368",0.690204899,"29/08/2012"
"1369",0.84273998,"2/07/2015"
"1370",0.375833667,"6/04/2020"
"1371",0.984889688,"10/04/2019"
"1372",0.95242633,"15/10/2013"
"1373",0.989898509,"3/06/2014"
"1374",0.443128354,"11/02/2016"
"1375",0.153763852,"3/03/2017"
"1376",0.944727323,"5/08/2016"
"1377",0.519466414,"19/02/2013"
"1378",0.455634604,"24/09/2018"
"1379",0.2200902,"19/03/2010"
"1380",0.139182384,"23/12/2022"
"1381",0.216157881,"3/08/2015"
"1382",0.405678673,"4/12/2012"
"1383",0.233734591,"29/01/2021"
"1384",0.02506636,"8/08/2015"
"1385",0.752341959,"6/04/2012"
"1386",0.732072543,"9/01/2011"
"1387",0.409106775,"2/03/2014"
"1388",0.630857805,"10/02/2014"
"1389",0.065444983,"9/06/2012"
"1390",0.148692152,"15/04/2022"
"1391",0.279701765,"5/12/2010"
"1392",0.850656809,"31/03/2013"
"1393",0.02154078,"12/12/2015"
"1394",0.25282988,"22/08/2017"
"1395",0.656711501,"1/12/2022"
"1396",0.78914941,"22/05/2021"
"1397",0.708845648,"27/07/2021"
"1398",0.064592992,"5/06/2013"
"1399",0.511311344,"22/09/2011"
"1400",0.20092835,"28/11/2021"
"1401",0.814115593,"27/06/2012"
"1402",0.653780076,"8/08/2023"
"1403",0.353251982,"6/09/2023"
"1404",0.596594896,"18/02/2023"
"1405",0.727704373,"15/12/2011"
"1406",0.995568539,"12/11/2010"
"1407",0.498055272,"25/04/2013"
"1408",0.230294769,"15/08/2022"
"1409",0.301254313,"9/10/2015"
"1410",0.720466677,"26/09/2014"
"1411",0.261405418,"25/07/2020"
"1412",0.107696348,"3/06/2019"
"1413",0.262422712,"28/07/2016"
"1414",0.186706183,"17/06/2020"
"1415",0.54244168,"26/05/2022"
"1416",0.065518474,"5/07/2010"
"1417",0.880385137,"26/04/2017"
"1418",0.279212537,"19/02/2022"
"1419",0.672703672,"15/08/2013"
"1420",0.060130874,"19/10/2010"
"1421",0.98848555,"8/03/2020"
"1422",0.282275431,"5/11/2021"
"1423",0.554112367,"14/12/2016"
"1424",0.890084004,"13/02/2023"
"1425",0.022802055,"13/05/2020"
"1426",0.677688454,"20/03/2016"
"1427",0.337059797,"22/05/2023"
"1428",0.141196095,"13/06/2016"
"1429",0.352563988,"15/07/2016"
"1430",0.401444857,"22/06/2018"
"1431",0.888914352,"23/02/2018"
"1432",0.312614188,"24/08/2017"
"1433",0.061654708,"23/09/2016"
"1434",0.679486264,"15/10/2022"
"1435",0.378162569,"13/10/2012"
"1436",0.588370348,"3/04/2017"
"1437",0.491978535,"5/08/2022"
"1438",0.285776944,"1/01/2019"
"1439",0.008419595,"19/03/2013"
"1440",0.550774297,"26/07/2017"
"1441",0.813230908,"9/06/2022"
"1442",0.643574585,"10/10/2020"
"1443",0.069062003,"9/11/2012"
"1444",0.728716272,"9/10/2018"
"1445",0.672111199,"13/03/2023"
"1446",0.819800991,"12/06/2020"
"1447",0.914621558,"28/04/2020"
"1448",0.689970681,"2/07/2017"
"1449",0.491977803,"3/05/2017"
"1450",0.646928651,"16/03/2013"
"1451",0.456514957,"4/08/2018"
"1452",0.125446622,"5/05/2015"
"1453",0.604364974,"28/03/2017"
"1454",0.826826736,"16/11/2013"
"1455",0.619378251,"9/02/2018"
"1456",0.841053711,"27/07/2019"
"1457",0.427246608,"16/05/2023"
"1458",0.769286704,"25/06/2011"
"1459",0.712140791,"4/05/2012"
"1460",0.063367208,"15/02/2013"
"1461",0.426005236,"13/12/2013"
"1462",0.088277643,"2/12/2022"
"1463",0.208316819,"25/03/2018"
"1464",0.228260873,"11/12/2014"
"1465",0.050442144,"10/10/2015"
"1466",0.561821252,"23/11/2010"
"1467",0.694246144,"13/02/2019"
"1468",0.227942654,"21/10/2022"
"1469",0.960313605,"27/03/2017"
"1470",0.492837191,"18/12/2020"
"1471",0.723208685,"8/11/2010"
"1472",0.491363083,"31/08/2018"
"1473",0.845355081,"31/03/2019"
"1474",0.025109664,"20/06/2019"
"1475",0.548400243,"29/01/2021"
"1476",0.955454817,"3/02/2021"
"1477",0.140501867,"2/05/2011"
"1478",0.710273625,"14/10/2012"
"1479",0.126401889,"4/12/2011"
"1480",0.835656278,"18/02/2019"
"1481",0.298179504,"5/10/2011"
"1482",0.38132875,"13/06/2011"
"1483",0.247849336,"21/12/2016"
"1484",0.344981649,"22/04/2020"
"1485",0.419783426,"24/09/2016"
"1486",0.659109987,"27/11/2012"
"1487",0.953957049,"7/05/2015"
"1488",0.469893654,"25/12/2018"
"1489",0.150621092,"18/09/2016"
"1490",0.902522846,"11/09/2016"
"1491",0.438025703,"21/11/2020"
"1492",0.806755584,"22/04/2011"
"1493",0.481495468,"7/02/2013"
"1494",0.258038213,"14/04/2013"
"1495",0.170135811,"23/08/2019"
"1496",0.160610691,"23/12/2010"
"1497",0.66139041,"18/10/2010"
"1498",0.46855212,"22/05/2016"
"1499",0.545392841,"21/03/2012"
"1500",0.725098253,"1/03/2017"
"1501",0.52548254,"15/05/2023"
"1502",0.618936445,"30/01/2011"
"1503",0.178960911,"11/06/2010"
"1504",0.76772123,"10/08/2015"
"1505",0.816294967,"27/06/2012"
"1506",0.19458238,"18/03/2020"
"1507",0.212514095,"9/05/2010"
"1508",0.248830119,"4/04/2012"
"1509",0.748003803,"25/11/2012"
"1510",0.407243761,"2/05/2013"
"1511",0.561673808,"4/06/2010"
"1512",0.75050975,"16/05/2011"
"1513",0.551197767,"7/02/2013"
"1514",0.473349581,"24/04/2011"
"1515",0.062629869,"19/10/2013"
"1516",0.093946047,"26/11/2010"
"1517",0.580182619,"20/02/2013"
"1518",0.385675872,"19/11/2017"
"1519",0.2365209,"9/05/2020"
"1520",0.519537633,"20/12/2022"
"1521",0.641209929,"10/07/2016"
"1522",0.82990024,"24/10/2015"
"1523",0.91909415,"6/06/2010"
"1524",0.929400152,"21/08/2016"
"1525",0.645313745,"23/05/2011"
"1526",0.783117612,"6/10/2019"
"1527",0.058715961,"7/07/2010"
"1528",0.358361521,"18/02/2020"
"1529",0.479386042,"9/03/2014"
"1530",0.723091766,"27/06/2018"
"1531",0.696402699,"27/07/2010"
"1532",0.870710555,"25/09/2014"
"1533",0.708805856,"25/01/2017"
"1534",0.354805469,"31/10/2018"
"1535",0.807252718,"3/03/2016"
"1536",0.352788866,"23/05/2021"
"1537",0.753126086,"13/09/2013"
"1538",0.908151083,"4/06/2020"
"1539",0.43538521,"21/09/2017"
"1540",0.220247139,"24/09/2011"
"1541",0.037182207,"24/06/2013"
"1542",0.698054075,"27/03/2012"
"1543",0.149834014,"20/01/2015"
"1544",0.542437613,"12/06/2012"
"1545",0.796772363,"16/01/2020"
"1546",0.719624669,"26/06/2016"
"1547",0.728189657,"12/08/2021"
"1548",0.047816161,"14/04/2011"
"1549",0.451375714,"5/10/2011"
"1550",0.794269958,"29/10/2013"
"1551",0.824622325,"27/03/2021"
"1552",0.209051563,"28/05/2015"
"1553",0.168206533,"26/02/2022"
"1554",0.980274224,"20/02/2018"
"1555",0.60067001,"17/05/2013"
"1556",0.1516763,"23/02/2015"
"1557",0.292738679,"17/11/2011"
"1558",0.448060623,"10/05/2011"
"1559",0.823907825,"18/10/2018"
"1560",0.96940433,"12/03/2021"
"1561",0.295409164,"24/02/2012"
"1562",0.232689742,"4/01/2017"
"1563",0.325481038,"24/09/2019"
"1564",0.100372119,"24/12/2014"
"1565",0.330225361,"27/02/2019"
"1566",0.192598702,"13/11/2019"
"1567",0.268873636,"3/06/2017"
"1568",0.883529343,"22/05/2015"
"1569",0.670623162,"24/06/2015"
"1570",0.074321067,"7/10/2013"
"1571",0.685309204,"3/04/2012"
"1572",0.600815591,"15/11/2021"
"1573",0.706140475,"12/12/2018"
"1574",0.468166012,"16/05/2015"
"1575",0.010987934,"27/07/2021"
"1576",0.783295694,"13/02/2022"
"1577",0.621853299,"30/01/2020"
"1578",0.866058739,"23/10/2018"
"1579",0.919852337,"23/04/2014"
"1580",0.325398925,"12/02/2013"
"1581",0.915762066,"15/11/2010"
"1582",0.080544908,"29/01/2011"
"1583",0.855517681,"6/01/2020"
"1584",0.305028979,"30/05/2012"
"1585",0.736363041,"12/03/2022"
"1586",0.940962569,"28/08/2022"
"1587",0.861023237,"14/09/2017"
"1588",0.364170123,"4/09/2022"
"1589",0.912523483,"7/08/2022"
"1590",0.752922204,"1/02/2012"
"1591",0.641482409,"17/12/2018"
"1592",0.795450331,"7/05/2018"
"1593",0.984971726,"7/08/2018"
"1594",0.622369238,"25/09/2014"
"1595",0.555326487,"29/12/2010"
"1596",0.961066502,"21/03/2018"
"1597",0.915639717,"27/11/2012"
"1598",0.603275601,"4/06/2011"
"1599",0.311554107,"29/04/2019"
"1600",0.555152124,"22/03/2016"
"1601",0.937597744,"19/09/2011"
"1602",0.365037152,"30/07/2022"
"1603",0.338632298,"20/05/2015"
"1604",0.769683562,"17/12/2010"
"1605",0.301342302,"6/04/2019"
"1606",0.629640955,"21/05/2016"
"1607",0.802499725,"3/10/2016"
"1608",0.542235564,"10/09/2019"
"1609",0.630997568,"11/01/2014"
"1610",0.18978887,"27/10/2012"
"1611",0.20345269,"31/01/2021"
"1612",0.928351259,"10/08/2019"
"1613",0.413443455,"21/07/2020"
"1614",0.130969885,"18/08/2015"
"1615",0.061163004,"14/12/2015"
"1616",0.886073873,"16/09/2017"
"1617",0.592208506,"6/02/2013"
"1618",0.722412185,"19/07/2010"
"1619",0.512392999,"11/06/2011"
"1620",0.296068653,"14/10/2014"
"1621",0.639778068,"22/01/2012"
"1622",0.882543428,"10/08/2020"
"1623",0.94615073,"8/09/2016"
"1624",0.709416676,"3/02/2020"
"1625",0.923620576,"14/05/2015"
"1626",0.016221592,"1/10/2018"
"1627",0.171478289,"26/05/2019"
"1628",0.213989764,"18/01/2021"
"1629",0.845115189,"27/03/2021"
"1630",0.243321712,"24/04/2018"
"1631",0.515050354,"23/03/2012"
"1632",0.86318749,"2/02/2020"
"1633",0.040558676,"7/12/2010"
"1634",0.460028225,"25/09/2020"
"1635",0.166004848,"13/11/2020"
"1636",0.91538434,"14/02/2011"
"1637",0.409423823,"25/07/2021"
"1638",0.640532179,"5/03/2016"
"1639",0.164818412,"10/09/2021"
"1640",0.180980146,"9/01/2023"
"1641",0.996452713,"16/06/2016"
"1642",0.645110941,"23/10/2013"
"1643",0.918098417,"11/05/2021"
"1644",0.795065445,"26/06/2020"
"1645",0.913097085,"20/10/2014"
"1646",0.390559583,"11/01/2012"
"1647",0.357400493,"19/08/2014"
"1648",0.614361629,"8/01/2023"
"1649",0.192440746,"16/05/2014"
"1650",0.071838497,"15/11/2011"
"1651",0.306232937,"17/08/2010"
"1652",0.174576345,"24/02/2014"
"1653",0.887761124,"12/05/2012"
"1654",0.497848225,"29/05/2015"
"1655",0.693908092,"4/01/2015"
"1656",0.874216027,"1/02/2020"
"1657",0.018086774,"7/10/2018"
"1658",0.381987055,"26/11/2015"
"1659",0.513593025,"10/02/2017"
"1660",0.047222659,"5/10/2014"
"1661",0.80309511,"3/12/2021"
"1662",0.634086934,"20/01/2015"
"1663",0.771328214,"4/02/2014"
"1664",0.501763743,"18/04/2018"
"1665",0.711288763,"16/05/2019"
"1666",0.091898385,"8/08/2019"
"1667",0.105908774,"16/08/2022"
"1668",0.224913882,"28/04/2020"
"1669",0.417663553,"30/05/2016"
"1670",0.344013068,"1/12/2020"
"1671",0.664205957,"1/10/2014"
"1672",0.443363671,"5/04/2019"
"1673",0.306183562,"4/08/2019"
"1674",0.269346007,"7/03/2018"
"1675",0.270426595,"2/12/2012"
"1676",0.097689653,"12/08/2018"
"1677",0.992059951,"5/03/2018"
"1678",0.104526539,"14/06/2018"
"1679",0.434488461,"26/12/2012"
"1680",0.684687571,"1/04/2014"
"1681",0.329821523,"1/12/2019"
"1682",0.399542691,"12/02/2016"
"1683",0.699156542,"11/11/2021"
"1684",0.242523109,"23/11/2016"
"1685",0.027535082,"15/05/2012"
"1686",0.070090022,"12/11/2020"
"1687",0.023703277,"19/05/2020"
"1688",0.206601104,"12/07/2012"
"1689",0.698886321,"6/08/2014"
"1690",0.981383563,"17/03/2013"
"1691",0.78165158,"26/09/2011"
"1692",0.605474572,"2/03/2019"
"1693",0.20836171,"10/02/2018"
"1694",0.763678494,"4/10/2012"
"1695",0.818785997,"27/10/2015"
"1696",0.76111231,"22/11/2012"
"1697",0.828627121,"30/08/2010"
"1698",0.00850929,"28/06/2016"
"1699",0.088821236,"25/04/2023"
"1700",0.919880125,"7/04/2011"
"1701",0.638396451,"1/11/2012"
"1702",0.416985754,"4/05/2013"
"1703",0.702035525,"22/11/2018"
"1704",0.161026125,"26/07/2013"
"1705",0.377909835,"6/06/2014"
"1706",0.975116817,"21/01/2019"
"1707",0.403555179,"1/04/2013"
"1708",0.723759298,"5/05/2021"
"1709",0.38518988,"15/02/2019"
"1710",0.389088451,"29/05/2017"
"1711",0.129641767,"30/08/2011"
"1712",0.284750702,"29/12/2013"
"1713",0.130743893,"2/06/2022"
"1714",0.474048972,"11/06/2012"
"1715",0.98000919,"8/07/2022"
"1716",0.168340435,"26/12/2017"
"1717",0.181538267,"2/07/2015"
"1718",0.87893905,"27/06/2017"
"1719",0.676659968,"6/08/2014"
"1720",0.507443613,"22/06/2022"
"1721",0.481408659,"30/10/2021"
"1722",0.968319921,"18/06/2011"
"1723",0.247950108,"3/04/2020"
"1724",0.132814612,"24/12/2017"
"1725",0.068266148,"6/01/2017"
"1726",0.400223756,"8/01/2014"
"1727",0.347339602,"28/07/2023"
"1728",0.081346372,"29/07/2022"
"1729",0.040086601,"17/08/2023"
"1730",0.267908266,"6/09/2021"
"1731",0.48457769,"24/02/2022"
"1732",0.60384572,"7/04/2016"
"1733",0.212681021,"13/06/2011"
"1734",0.080157224,"31/10/2013"
"1735",0.179854281,"23/12/2018"
"1736",0.794959623,"25/02/2015"
"1737",0.529203355,"19/04/2021"
"1738",0.46612433,"10/05/2019"
"1739",0.892173726,"12/05/2014"
"1740",0.74195387,"6/11/2011"
"1741",0.763735821,"1/12/2022"
"1742",0.844099783,"8/03/2018"
"1743",0.70521749,"5/12/2019"
"1744",0.948442219,"20/04/2014"
"1745",0.144291781,"22/04/2019"
"1746",0.803803313,"1/09/2013"
"1747",0.294344136,"16/02/2013"
"1748",0.381373399,"28/10/2015"
"1749",0.237241281,"20/05/2021"
"1750",0.346142147,"30/06/2012"
"1751",0.429000226,"5/09/2017"
"1752",0.599860263,"17/09/2018"
"1753",0.565516313,"10/01/2013"
"1754",0.466192371,"25/02/2019"
"1755",0.233487973,"29/07/2022"
"1756",0.740812617,"18/04/2011"
"1757",0.295344749,"29/03/2021"
"1758",0.082373262,"4/10/2014"
"1759",0.274364788,"29/07/2021"
"1760",0.931059905,"23/01/2021"
"1761",0.881414562,"20/08/2019"
"1762",0.474230822,"21/11/2011"
"1763",0.575037013,"20/03/2012"
"1764",0.210332623,"7/10/2013"
"1765",0.59829993,"31/01/2022"
"1766",0.026502171,"16/02/2021"
"1767",0.852367961,"21/02/2014"
"1768",0.533807345,"25/02/2011"
"1769",0.098646741,"13/06/2015"
"1770",0.697378716,"5/09/2010"
"1771",0.646212738,"2/02/2015"
"1772",0.921282575,"9/12/2013"
"1773",0.288791593,"1/04/2017"
"1774",0.654367825,"17/03/2010"
"1775",0.618836569,"5/07/2015"
"1776",0.644347592,"24/12/2011"
"1777",0.587946771,"1/03/2011"
"1778",0.959003366,"27/08/2021"
"1779",0.167982874,"17/08/2016"
"1780",0.247764968,"24/09/2021"
"1781",0.520748552,"31/01/2019"
"1782",0.132965817,"10/05/2020"
"1783",0.815950621,"10/12/2017"
"1784",0.307842808,"9/08/2017"
"1785",0.346458022,"14/08/2010"
"1786",0.324390537,"4/10/2015"
"1787",0.829995133,"17/02/2020"
"1788",0.169780115,"12/01/2017"
"1789",0.278194218,"11/03/2012"
"1790",0.363976992,"17/10/2018"
"1791",0.069893523,"26/05/2021"
"1792",0.58909747,"12/07/2017"
"1793",0.084136266,"3/09/2010"
"1794",0.275881451,"30/11/2013"
"1795",0.089204103,"30/09/2021"
"1796",0.913931028,"14/08/2017"
"1797",0.230671266,"2/04/2016"
"1798",0.959610002,"28/09/2018"
"1799",0.31913768,"20/04/2023"
"1800",0.430796519,"18/06/2020"
"1801",0.91630044,"2/10/2011"
"1802",0.842165262,"12/01/2022"
"1803",0.953033957,"5/05/2015"
"1804",0.313625352,"28/08/2012"
"1805",0.880383613,"18/07/2012"
"1806",0.299484786,"23/10/2021"
"1807",0.440816927,"4/08/2017"
"1808",0.445704119,"12/03/2019"
"1809",0.429430848,"9/02/2013"
"1810",0.86142839,"27/01/2010"
"1811",0.789047852,"23/07/2019"
"1812",0.366230414,"17/07/2023"
"1813",0.33877988,"21/10/2015"
"1814",0.961956204,"21/03/2017"
"1815",0.887337486,"2/01/2017"
"1816",0.431841212,"3/11/2018"
"1817",0.892578871,"7/10/2018"
"1818",0.190824923,"6/07/2017"
"1819",0.753541243,"9/09/2016"
"1820",0.186718851,"10/11/2019"
"1821",0.489310157,"21/12/2021"
"1822",0.13230641,"13/10/2021"
"1823",0.621560014,"4/11/2018"
"1824",0.344160986,"19/06/2020"
"1825",0.598653865,"1/08/2018"
"1826",0.594820848,"27/04/2017"
"1827",0.08747629,"14/10/2012"
"1828",0.744905782,"29/07/2022"
"1829",0.725540162,"30/07/2022"
"1830",0.802798884,"4/04/2015"
"1831",0.503449929,"23/10/2015"
"1832",0.26467122,"5/03/2014"
"1833",0.536141113,"26/04/2018"
"1834",0.213437743,"31/10/2018"
"1835",0.255572001,"1/12/2011"
"1836",0.343209523,"5/09/2023"
"1837",0.314980313,"20/02/2010"
"1838",0.903441055,"27/09/2012"
"1839",0.507083995,"28/12/2013"
"1840",0.886809211,"28/01/2013"
"1841",0.195022498,"14/06/2016"
"1842",0.988919247,"26/01/2018"
"1843",0.912721336,"17/08/2021"
"1844",0.759085751,"15/11/2020"
"1845",0.887828624,"5/01/2018"
"1846",0.272966411,"11/03/2019"
"1847",0.927014772,"3/04/2014"
"1848",0.847612602,"1/12/2012"
"1849",0.465768193,"19/10/2022"
"1850",0.694069604,"4/01/2014"
"1851",0.268429825,"7/11/2013"
"1852",0.190492964,"4/09/2019"
"1853",0.413613175,"19/01/2023"
"1854",0.238204383,"31/08/2010"
"1855",0.092418988,"4/03/2012"
"1856",0.272612119,"2/08/2019"
"1857",0.009083197,"6/03/2022"
"1858",0.629982847,"9/06/2022"
"1859",0.079274339,"7/10/2021"
"1860",0.350416659,"17/12/2022"
"1861",0.600405616,"14/09/2013"
"1862",0.969036905,"29/03/2017"
"1863",0.616335429,"3/07/2019"
"1864",0.522410703,"9/04/2013"
"1865",0.52264368,"11/04/2019"
"1866",0.008762787,"17/08/2012"
"1867",0.45911845,"1/10/2022"
"1868",0.476186146,"13/03/2015"
"1869",0.974526327,"8/02/2021"
"1870",0.664171553,"26/07/2010"
"1871",0.810181665,"19/01/2014"
"1872",0.921875645,"26/08/2021"
"1873",0.095671422,"2/05/2022"
"1874",0.935363497,"12/07/2023"
"1875",0.535993177,"19/11/2019"
"1876",0.829615443,"19/02/2023"
"1877",0.816566649,"23/04/2011"
"1878",0.305433611,"16/06/2017"
"1879",0.708641828,"20/07/2018"
"1880",0.175792434,"14/09/2020"
"1881",0.192194149,"6/02/2022"
"1882",0.185651512,"9/05/2022"
"1883",0.484359622,"21/03/2021"
"1884",0.758644737,"13/04/2015"
"1885",0.302071579,"15/12/2012"
"1886",0.38378979,"14/08/2019"
"1887",0.180923946,"31/08/2014"
"1888",0.637251174,"25/02/2017"
"1889",0.55974141,"10/05/2019"
"1890",0.850027529,"13/06/2023"
"1891",0.670160155,"9/11/2017"
"1892",0.611801088,"14/09/2020"
"1893",0.906546104,"10/04/2011"
"1894",0.312059969,"10/12/2016"
"1895",0.597376054,"16/01/2022"
"1896",0.697989871,"17/03/2021"
"1897",0.826859285,"6/02/2018"
"1898",0.967138148,"22/02/2017"
"1899",0.366118504,"22/05/2019"
"1900",0.845270959,"5/02/2023"
"1901",0.391217653,"22/01/2014"
"1902",0.695127359,"19/03/2020"
"1903",0.649383582,"17/07/2022"
"1904",0.023566173,"16/09/2013"
"1905",0.926038958,"28/04/2011"
"1906",0.98505108,"15/04/2016"
"1907",0.958532115,"5/02/2020"
"1908",0.266328697,"9/01/2013"
"1909",0.675959378,"9/07/2021"
"1910",0.826376454,"13/06/2011"
"1911",0.760373181,"14/01/2015"
"1912",0.334622151,"18/10/2019"
"1913",0.980481144,"18/05/2016"
"1914",0.947368345,"15/09/2013"
"1915",0.509538037,"4/08/2010"
"1916",0.386735718,"18/12/2018"
"1917",0.597139324,"2/06/2012"
"1918",0.135701027,"28/02/2021"
"1919",0.607211727,"5/11/2020"
"1920",0.619044421,"16/11/2016"
"1921",0.160486943,"6/08/2019"
"1922",0.227414861,"16/09/2012"
"1923",0.488999386,"24/07/2021"
"1924",0.266255928,"23/03/2022"
"1925",0.986886881,"30/11/2020"
"1926",0.659027476,"18/10/2018"
"1927",0.56178796,"19/01/2019"
"1928",0.603972103,"1/01/2013"
"1929",0.192391755,"26/06/2013"
"1930",0.371669552,"30/09/2014"
"1931",0.12009952,"14/09/2019"
"1932",0.395709261,"4/01/2010"
"1933",0.039231263,"15/01/2014"
"1934",0.629407344,"19/06/2012"
"1935",0.523269695,"1/12/2015"
"1936",0.393105398,"14/04/2022"
"1937",0.8778933,"14/01/2013"
"1938",0.288249924,"17/05/2017"
"1939",0.632178188,"23/09/2013"
"1940",0.313025129,"25/11/2010"
"1941",0.145822742,"5/01/2023"
"1942",0.820500966,"13/03/2017"
"1943",0.745619803,"14/12/2020"
"1944",0.677873467,"23/03/2010"
"1945",0.205137718,"29/08/2018"
"1946",0.991973088,"19/09/2018"
"1947",0.668956528,"11/09/2014"
"1948",0.753881896,"29/12/2022"
"1949",0.645198054,"4/03/2021"
"1950",0.105166161,"21/05/2023"
"1951",0.049804813,"3/02/2022"
"1952",0.550795055,"16/01/2018"
"1953",0.027205368,"3/08/2016"
"1954",0.187258066,"15/01/2013"
"1955",0.648336424,"27/09/2020"
"1956",0.824718985,"22/10/2011"
"1957",0.915543557,"10/01/2022"
"1958",0.82555699,"3/08/2021"
"1959",0.795555044,"20/05/2015"
"1960",0.688114725,"7/02/2021"
"1961",0.338662927,"1/03/2015"
"1962",0.468302907,"7/09/2010"
"1963",0.836986916,"22/04/2015"
"1964",0.770487756,"24/02/2018"
"1965",0.595679932,"21/11/2012"
"1966",0.596528244,"27/03/2010"
"1967",0.174141001,"1/05/2016"
"1968",0.475667624,"19/06/2017"
"1969",0.933948251,"11/06/2016"
"1970",0.05953748,"30/03/2018"
"1971",0.143245462,"10/06/2020"
"1972",0.426780323,"8/11/2013"
"1973",0.56445359,"12/07/2017"
"1974",0.187299422,"12/08/2016"
"1975",0.602749523,"12/05/2022"
"1976",0.734878293,"11/08/2020"
"1977",0.068348813,"26/10/2011"
"1978",0.782917964,"9/12/2015"
"1979",0.921492709,"27/09/2012"
"1980",0.044282167,"4/02/2013"
"1981",0.713114855,"29/11/2010"
"1982",0.90388602,"16/10/2013"
"1983",0.739581504,"26/04/2015"
"1984",0.17217563,"12/04/2011"
"1985",0.186589977,"30/01/2017"
"1986",0.382488365,"8/06/2014"
"1987",0.453613275,"19/10/2016"
"1988",0.455131477,"1/09/2023"
"1989",0.173102782,"9/01/2010"
"1990",0.305417257,"11/01/2020"
"1991",0.867752101,"16/12/2016"
"1992",0.26023225,"3/01/2010"
"1993",0.68087076,"23/04/2016"
"1994",0.853576556,"10/08/2016"
"1995",0.805274312,"21/11/2019"
"1996",0.163516341,"29/03/2018"
"1997",0.471938976,"4/08/2014"
"1998",0.718318647,"16/08/2015"
"1999",0.269878589,"4/02/2020"
"2000",0.608237189,"6/01/2019"
