x,y
404,
4172,
3004,
787,
37,
2332,
2489,
1449,
3665,
3863,
4374,
875,
172,
1602,
2012,
979,
2018,
319,
1944,
4878,
1450,
3392,
3677,
980,
4903,
3708,
258,
2652,
3480,
3443,
157,
1128,
1505,
3183,
2396,
2161,
3533,
4743,
902,
1085,
3401,
2495,
3209,
3302,
481,
3829,
3849,
4954,
4853,
1946,
2306,
1577,
874,
2658,
2469,
3897,
1021,
3567,
327,
1772,
4126,
1370,
2851,
1679,
2982,
958,
4739,
2713,
2724,
1393,
2234,
1858,
141,
2330,
1951,
101,
1885,
2800,
4286,
1925,
2640,
3004,
1307,
1451,
2401,
4601,
2004,
1066,
3359,
294,
4986,
746,
2593,
4231,
3592,
1207,
2736,
4175,
140,
2347,
4029,
4071,
2020,
1093,
2092,
3345,
2539,
3302,
2559,
4178,
3544,
4372,
58,
4442,
4982,
2501,
1795,
3875,
2923,
3170,
4294,
2835,
1265,
4595,
4337,
1243,
2015,
3849,
598,
974,
823,
3317,
4283,
4633,
2762,
2886,
3438,
1224,
224,
4550,
354,
4985,
3060,
863,
4548,
188,
2968,
1185,
4532,
4095,
3500,
1101,
3640,
1086,
2282,
1664,
2842,
1262,
2321,
4589,
4865,
4096,
4515,
2907,
3866,
4976,
3555,
1075,
1459,
3609,
4334,
1193,
23,
4718,
2191,
3754,
3340,
2040,
1757,
3691,
3322,
427,
4281,
385,
4265,
532,
2425,
1237,
3433,
819,
4765,
1610,
1808,
4439,
4141,
504,
4531,
3864,
1917,
4999,
1747,
4737,
1081,
161,
727,
4272,
1066,
1052,
198,
4724,
1225,
3906,
1442,
4377,
1479,
4918,
2950,
3796,
4181,
3815,
2087,
691,
405,
3280,
3011,
3285,
1647,
4898,
3576,
4364,
4917,
1093,
3323,
1948,
231,
3085,
2993,
2035,
4292,
2589,
4897,
86,
3368,
1857,
4591,
3390,
3326,
3781,
2715,
1197,
2545,
2087,
3635,
3189,
1983,
4798,
1494,
252,
2881,
1090,
630,
4691,
4007,
3791,
2663,
2735,
480,
1942,
862,
3454,
3377,
4732,
982,
4844,
1936,
3252,
4073,
355,
2635,
3818,
2177,
2763,
1021,
156,
4849,
894,
3892,
4429,
4183,
3027,
4535,
180,
658,
471,
3483,
2029,
329,
633,
4687,
1082,
3331,
1020,
2743,
4138,
638,
1306,
1443,
74,
4269,
2071,
3756,
3596,
2577,
4875,
1804,
852,
3916,
155,
3948,
834,
144,
3930,
4127,
4827,
1894,
872,
3019,
4028,
184,
3665,
1077,
81,
644,
3431,
3210,
1637,
1938,
3538,
3489,
4629,
2296,
2980,
826,
2835,
4491,
2973,
4159,
2968,
3895,
1989,
4250,
3710,
1589,
559,
506,
4001,
1900,
264,
4933,
3021,
744,
2694,
629,
4816,
235,
808,
4683,
4854,
3552,
4426,
4885,
175,
2194,
3223,
4975,
1574,
4280,
2702,
4368,
2578,
4348,
4283,
1729,
1,
1026,
4727,
1407,
4405,
4806,
21,
2765,
1097,
3234,
3639,
4363,
1910,
4464,
4220,
3649,
193,
1670,
3747,
4566,
1022,
2359,
1926,
1964,
1092,
37,
1819,
2631,
4221,
680,
1883,
1317,
2490,
98,
436,
4980,
4711,
622,
576,
1834,
2356,
3921,
2452,
510,
4718,
3531,
2512,
2650,
1293,
3559,
4843,
3306,
3982,
367,
4424,
4134,
3629,
1837,
2618,
2350,
493,
2581,
2249,
2748,
3248,
796,
1469,
4457,
2941,
3167,
1298,
1592,
1697,
3804,
55,
316,
1320,
2970,
1488,
474,
3807,
3863,
2010,
296,
3752,
2642,
1380,
1307,
2720,
996,
3226,
3752,
1355,
4379,
4259,
230,
1906,
917,
4609,
4531,
965,
4322,
67,
4429,
1958,
381,
3234,
4584,
4173,
2507,
3011,
2345,
4432,
3353,
1969,
2757,
1213,
1017,
342,
1537,
4966,
582,
3578,
1131,
667,
4637,
4471,
1019,
1285,
3071,
2208,
1578,
507,
1364,
3269,
4640,
134,
2798,
4271,
380,
1030,
2480,
1310,
2080,
2196,
912,
392,
89,
3641,
4855,
2677,
833,
291,
2296,
3114,
2975,
3716,
2622,
2485,
74,
4790,
2266,
4908,
2724,
1801,
2516,
374,
4849,
3243,
4923,
2681,
3806,
2822,
3893,
3196,
1895,
1798,
4222,
2284,
896,
4832,
3568,
125,
3133,
4140,
3216,
3543,
4354,
1410,
867,
549,
2932,
4254,
4608,
3379,
1753,
44,
2155,
3625,
2062,
2755,
782,
216,
3424,
2573,
4729,
4216,
325,
3811,
392,
668,
4049,
2797,
3669,
1749,
4914,
2045,
1805,
3263,
718,
3404,
4297,
4194,
4407,
1189,
2894,
4490,
1723,
3805,
3656,
4263,
4880,
566,
4852,
3241,
281,
2366,
1474,
3052,
606,
3148,
3560,
3061,
173,
3330,
3265,
2260,
2585,
3384,
4405,
3657,
1994,
2153,
728,
2256,
2894,
353,
3712,
2747,
3173,
684,
4652,
3256,
2644,
1126,
4917,
546,
350,
3889,
3292,
1297,
4592,
744,
3204,
1007,
3719,
4239,
4269,
4018,
120,
3977,
4433,
3001,
2164,
4602,
3081,
2179,
4487,
3846,
641,
2694,
646,
2555,
2719,
1209,
4016,
4740,
2037,
2574,
4908,
1771,
2280,
1101,
410,
1847,
634,
3700,
4780,
3344,
2341,
2691,
1655,
3144,
2263,
4441,
3922,
691,
1407,
3535,
2211,
3389,
3504,
343,
4793,
1223,
4632,
2514,
4678,
2194,
1753,
2383,
4831,
1486,
1454,
4299,
967,
4046,
1828,
1264,
4281,
651,
3960,
1780,
4822,
594,
2291,
2619,
4186,
168,
217,
3961,
1014,
344,
4323,
386,
2156,
4869,
2855,
3773,
1213,
3136,
843,
2224,
824,
592,
1838,
4733,
4378,
1301,
3287,
610,
1595,
3116,
2235,
3542,
4451,
522,
3153,
4208,
1822,
3115,
2304,
818,
2570,
717,
3252,
777,
2542,
430,
2516,
193,
4121,
1430,
1234,
1990,
3161,
4743,
1701,
3137,
4125,
726,
4836,
431,
1203,
3195,
2517,
1253,
4896,
3283,
450,
3153,
4384,
4652,
2098,
2478,
1764,
1244,
4794,
1800,
995,
3632,
841,
1133,
4228,
1730,
337,
136,
591,
69,
3679,
4620,
4911,
2027,
1349,
2442,
256,
13,
2480,
1219,
1279,
2762,
1258,
3143,
1581,
4623,
4533,
460,
3689,
2849,
3483,
3504,
200,
2158,
4072,
2833,
2942,
4402,
3597,
4683,
2148,
1431,
3854,
3083,
797,
2008,
9,
2090,
3820,
3973,
1213,
3796,
146,
2187,
2653,
2150,
4047,
4613,
3376,
470,
988,
2378,
3572,
2691,
4377,
1468,
1124,
3455,
1562,
2417,
609,
3451,
1579,
4081,
2730,
4737,
193,
3239,
399,
2165,
3805,
1469,
537,
365,
1782,
2858,
3390,
3454,
1868,
490,
496,
3875,
758,
1974,
4675,
3698,
3179,
1692,
4813,
559,
3253,
4918,
896,
690,
283,
2732,
2333,
4482,
93,
4255,
2508,
831,
1806,
3261,
4371,
3642,
2063,
797,
4229,
4422,
1980,
191,
4757,
3919,
1098,
1655,
889,
1813,
1958,
4520,
1383,
697,
2257,
552,
4405,
2670,
3697,
3598,
1323,
3370,
1049,
3453,
974,
3911,
76,
4671,
423,
171,
1555,
3924,
1403,
827,
2168,
4071,
3433,
3887,
457,
3714,
1984,
1481,
3715,
2333,
3866,
111,
4076,
1520,
4659,
2703,
1275,
2388,
3523,
38,
3863,
1329,
4856,
953,
99,
3062,
2629,
3173,
1978,
875,
1637,
3074,
396,
2596,
1532,
3357,
1969,
3740,
695,
1887,
3207,
4971,
1843,
1687,
4569,
4548,
0.238379751,
0.411679972,18/05/2018
0.746071676,5/09/2015
0.723450554,28/11/2012
0.614524137,13/01/2020
0.473980569,17/04/2016
0.578461039,14/05/2011
0.241593723,18/07/2020
0.114378662,30/04/2011
0.298344633,11/05/2010
0.484119495,2/11/2014
0.567406318,23/06/2014
0.753953109,31/05/2017
0.545425236,18/11/2017
0.759677961,20/04/2013
0.212967463,11/12/2010
0.839265024,10/10/2022
0.406697055,11/11/2010
0.8737398,22/03/2015
0.882156538,25/12/2013
0.107689368,27/02/2011
0.574544371,14/12/2015
0.996033379,10/02/2021
0.850553432,28/11/2012
0.437655055,4/04/2020
0.326429925,8/04/2021
0.335968859,13/03/2022
0.239273816,28/03/2010
0.421371124,4/01/2023
0.512136831,2/04/2012
0.185446366,9/11/2015
0.326400522,13/01/2017
0.817073643,25/02/2011
0.748737998,4/04/2019
0.531741869,1/04/2022
0.961571368,4/05/2016
0.104046372,2/06/2010
0.737123667,8/03/2017
0.847479981,17/11/2014
0.643738754,8/07/2011
0.232457198,26/03/2010
0.916229566,20/11/2015
0.424597556,28/08/2018
0.192943506,17/09/2017
0.701550336,17/10/2010
0.99258071,21/08/2023
0.708912507,13/10/2015
0.517485157,9/09/2017
0.708732048,24/03/2021
0.375140479,1/03/2016
0.254773766,9/10/2021
0.996412935,17/05/2020
0.52289536,10/09/2022
0.715809418,13/02/2011
0.002492428,4/09/2010
0.292968772,23/09/2014
0.180816001,16/01/2010
0.407593892,15/04/2019
0.216995889,11/04/2018
0.07134267,20/08/2011
0.253311581,8/08/2021
0.652479521,27/07/2022
0.734444106,29/06/2013
0.817513144,28/09/2013
0.305990338,16/10/2014
0.885247568,3/06/2020
0.606558852,15/07/2015
0.881019168,24/10/2012
0.679920633,16/01/2018
0.142943662,12/03/2018
0.765465581,14/12/2010
0.626966629,30/11/2020
0.730338461,26/06/2020
0.423704411,31/05/2021
0.268330776,14/02/2010
0.769048036,20/03/2018
0.587346678,28/06/2016
0.898567755,10/05/2015
0.870324539,17/05/2014
0.399306237,4/11/2010
0.965119112,3/05/2015
0.495991045,9/10/2020
0.466597516,28/10/2019
0.107744531,8/02/2011
0.91429805,25/09/2015
0.14380345,23/12/2010
0.265187191,13/02/2018
0.148463049,31/01/2019
0.414248683,14/06/2017
0.108949674,16/09/2020
0.247077948,30/04/2018
0.59064311,23/03/2011
0.328267297,26/11/2022
0.732970522,31/05/2022
0.727905224,16/10/2019
0.545723421,9/10/2018
0.733746318,10/07/2016
0.933358376,17/05/2010
0.243392595,13/01/2016
0.282959055,17/01/2015
0.216625959,14/04/2018
0.120041428,23/07/2021
0.170263659,9/08/2019
0.521528885,5/11/2018
0.963494028,7/11/2013
0.887872519,21/03/2020
0.636446597,28/04/2021
0.329380251,24/08/2019
0.602222412,15/04/2013
0.772161534,14/06/2016
0.210135293,22/05/2011
0.584308366,13/01/2020
0.542075811,9/07/2020
0.092396643,6/02/2023
0.369340825,14/08/2014
0.952429423,20/10/2013
0.949689241,21/06/2015
0.449776822,15/04/2013
0.259818244,16/11/2014
0.01890617,12/04/2014
0.721405048,24/02/2022
0.952809649,4/12/2012
0.440223304,30/06/2014
0.504012379,16/01/2019
0.043556998,12/12/2021
0.922474456,8/03/2019
0.923789556,18/11/2017
0.605647714,14/07/2013
0.004081981,7/03/2011
0.656856437,19/07/2021
0.15092895,2/05/2011
0.199160667,16/04/2016
0.239638329,24/03/2010
0.661573967,28/07/2018
0.241788822,28/04/2016
0.071549739,22/09/2014
0.704671928,10/05/2020
0.31539691,25/01/2011
0.375875195,8/05/2014
0.815097742,1/07/2012
0.200559966,28/02/2023
0.301930187,25/11/2020
0.087720242,27/05/2023
0.183320128,21/04/2011
0.206801875,11/02/2019
0.854959499,28/09/2021
0.262909897,29/11/2013
0.945334274,5/07/2017
0.79273547,8/10/2012
0.831581892,27/11/2022
0.618977225,19/12/2018
0.443733629,3/12/2022
0.964625613,18/12/2010
0.162198704,27/12/2010
0.185653791,29/09/2014
0.61310142,9/06/2021
0.481484478,20/02/2016
0.396137898,17/11/2021
0.318756408,25/04/2010
0.838375009,19/08/2023
0.299203526,10/03/2012
0.616061836,12/07/2010
0.462103836,28/01/2019
0.939205956,5/01/2010
0.006291386,3/07/2016
0.349427485,1/07/2018
0.566271393,30/05/2016
0.528957064,26/11/2015
0.637015399,2/09/2016
0.350795879,12/03/2020
0.924171197,27/03/2013
0.474041223,19/10/2016
0.778134117,24/10/2011
0.798736535,1/02/2019
0.87849991,25/12/2012
0.909843855,29/02/2020
0.445537756,9/07/2010
0.289559328,4/12/2018
0.303310736,31/07/2014
0.919024348,11/01/2013
0.935712395,17/04/2010
0.671648327,5/01/2021
0.371269966,27/08/2023
0.567131436,16/12/2014
0.478598442,20/10/2022
0.567748785,4/01/2019
0.28653884,12/01/2017
0.759599129,3/11/2017
0.228465773,20/07/2020
0.426505393,2/06/2010
0.456584728,26/05/2011
0.709906759,5/03/2014
0.287456979,17/12/2015
0.773060263,28/12/2015
0.574562286,16/09/2013
0.021795763,27/02/2022
0.77302648,2/04/2022
0.059128934,29/01/2017
0.027648301,15/03/2018
0.740846594,18/12/2018
0.593320847,10/08/2010
0.686676719,6/05/2022
0.735310225,8/09/2012
0.461105207,18/01/2021
0.661999277,22/01/2016
9.58E-04,5/01/2020
0.97596553,8/02/2015
0.220163456,13/12/2010
0.306327838,29/11/2015
0.731566637,3/08/2017
0.133506226,27/06/2011
0.099836061,10/05/2022
0.171385154,24/05/2010
0.61718159,9/05/2011
0.683263308,1/05/2016
0.790574069,2/04/2012
0.213248126,9/01/2017
0.792010886,30/11/2022
0.592634409,13/04/2019
0.606263602,9/10/2015
0.110768544,20/07/2022
0.195608638,25/10/2017
0.007070776,21/08/2014
0.940870595,29/04/2021
0.068209351,19/04/2020
0.13692918,20/03/2013
0.332817025,25/08/2014
0.489688292,27/09/2014
0.17295454,20/02/2014
0.064939242,18/07/2018
0.45166699,20/05/2013
0.379402354,26/04/2011
0.909298368,29/07/2012
0.029946458,26/06/2010
0.194796364,12/02/2017
0.679479371,16/06/2012
0.747466302,9/11/2017
0.649537714,10/08/2018
0.077580677,19/09/2013
0.599653656,3/12/2017
0.879010812,8/03/2013
0.732037156,25/09/2011
0.080053086,25/08/2023
0.832749812,30/06/2016
0.864705698,29/03/2011
0.712964972,7/04/2013
0.757407111,20/07/2013
0.122433916,10/05/2010
0.193697882,28/05/2012
0.314178289,28/06/2018
0.137532982,10/01/2013
0.84780288,25/11/2010
0.485221987,31/10/2018
0.470242726,13/04/2014
0.791045374,1/10/2018
0.312983273,3/05/2023
0.308764513,24/03/2012
0.345155336,30/04/2017
0.828443315,5/01/2018
0.273995498,14/05/2014
0.430836086,30/05/2016
0.41689784,3/10/2018
0.134312199,24/01/2011
0.686341399,5/08/2023
0.172078117,10/11/2021
0.923493444,15/12/2020
0.613743593,8/10/2021
0.315629447,10/12/2020
0.809733091,9/07/2014
0.902374101,19/11/2015
0.125297799,28/12/2012
0.565557193,14/01/2015
0.127641106,23/06/2010
0.627597616,15/04/2023
0.075323954,16/10/2011
0.285451324,21/03/2016
0.310602429,18/09/2021
0.146727562,11/12/2011
0.799770513,16/12/2010
0.171996079,16/10/2017
0.785683812,30/10/2010
0.470035764,12/12/2019
0.432957729,13/09/2020
0.57453286,17/05/2017
0.729969945,27/09/2021
0.894187148,31/12/2014
0.220306369,7/11/2015
0.291596438,26/10/2018
0.812898749,17/11/2022
0.04360233,7/11/2010
0.505271665,10/09/2015
0.241655882,27/01/2010
0.589142418,13/04/2021
0.971140569,19/03/2019
0.232721003,11/01/2019
0.867418015,13/06/2014
0.110761743,18/05/2011
0.80149178,8/07/2016
0.657924454,21/12/2012
0.652054297,21/10/2013
0.226322645,28/02/2010
0.853979631,15/03/2018
0.43560704,28/02/2016
0.289281737,23/07/2017
0.63758467,7/09/2022
0.264539459,26/12/2017
0.386268378,9/01/2011
0.61919397,2/06/2011
0.541678083,20/09/2022
0.484831,22/06/2013
0.764294919,18/02/2013
0.961026937,2/07/2014
0.270584533,19/03/2015
0.730600221,21/10/2013
0.134165546,28/08/2018
0.048398228,8/03/2014
0.70360707,21/09/2013
0.147213794,19/02/2015
0.769155333,4/04/2015
0.17635011,26/04/2021
0.110758999,12/02/2016
0.938342408,9/09/2019
0.84647114,7/11/2020
0.571143582,15/02/2021
0.679093406,18/05/2015
0.089322244,12/11/2013
0.785374125,25/06/2023
0.226957448,10/07/2013
0.448178465,23/10/2021
0.161227637,16/11/2019
0.17611169,24/07/2020
0.198228124,8/10/2010
0.357611314,23/07/2011
0.181333204,15/12/2019
0.56114486,10/08/2018
0.65908301,27/08/2020
0.660253409,24/01/2014
0.002400788,14/10/2020
0.993446034,1/05/2022
0.627489231,5/05/2016
0.014630336,2/01/2017
0.205178217,28/05/2012
0.663076664,28/09/2014
0.46374403,23/06/2018
0.360348158,3/05/2013
0.689366391,4/12/2022
0.258860788,7/12/2010
0.851205032,23/03/2021
0.480004691,4/09/2022
0.53726639,5/05/2014
0.661639897,28/12/2014
0.30085451,11/11/2010
0.263501516,17/08/2016
0.30504613,24/07/2010
0.874958266,28/03/2022
0.718437217,15/11/2017
0.406919694,23/03/2011
0.019359473,21/02/2022
0.050180359,17/11/2013
0.702251032,28/09/2015
0.06637027,16/04/2013
0.036132368,27/10/2010
0.020153696,9/06/2010
0.372781097,31/10/2018
0.225665404,7/07/2015
0.4919181,10/04/2019
0.446645157,19/01/2015
0.690204899,29/08/2012
0.84273998,2/07/2015
0.375833667,6/04/2020
0.984889688,10/04/2019
0.95242633,15/10/2013
0.989898509,3/06/2014
0.443128354,11/02/2016
0.153763852,3/03/2017
0.944727323,5/08/2016
0.519466414,19/02/2013
0.455634604,24/09/2018
0.2200902,19/03/2010
0.139182384,23/12/2022
0.216157881,3/08/2015
0.405678673,4/12/2012
0.233734591,29/01/2021
0.02506636,8/08/2015
0.752341959,6/04/2012
0.732072543,9/01/2011
0.409106775,2/03/2014
0.630857805,10/02/2014
0.065444983,9/06/2012
0.148692152,15/04/2022
0.279701765,5/12/2010
0.850656809,31/03/2013
0.02154078,12/12/2015
0.25282988,22/08/2017
0.656711501,1/12/2022
0.78914941,22/05/2021
0.708845648,27/07/2021
0.064592992,5/06/2013
0.511311344,22/09/2011
0.20092835,28/11/2021
0.814115593,27/06/2012
0.653780076,8/08/2023
0.353251982,6/09/2023
0.596594896,18/02/2023
0.727704373,15/12/2011
0.995568539,12/11/2010
0.498055272,25/04/2013
0.230294769,15/08/2022
0.301254313,9/10/2015
0.720466677,26/09/2014
0.261405418,25/07/2020
0.107696348,3/06/2019
0.262422712,28/07/2016
0.186706183,17/06/2020
0.54244168,26/05/2022
0.065518474,5/07/2010
0.880385137,26/04/2017
0.279212537,19/02/2022
0.672703672,15/08/2013
0.060130874,19/10/2010
0.98848555,8/03/2020
0.282275431,5/11/2021
0.554112367,14/12/2016
0.890084004,13/02/2023
0.022802055,13/05/2020
0.677688454,20/03/2016
0.337059797,22/05/2023
0.141196095,13/06/2016
0.352563988,15/07/2016
0.401444857,22/06/2018
0.888914352,23/02/2018
0.312614188,24/08/2017
0.061654708,23/09/2016
0.679486264,15/10/2022
0.378162569,13/10/2012
0.588370348,3/04/2017
0.491978535,5/08/2022
0.285776944,1/01/2019
0.008419595,19/03/2013
0.550774297,26/07/2017
0.813230908,9/06/2022
0.643574585,10/10/2020
0.069062003,9/11/2012
0.728716272,9/10/2018
0.672111199,13/03/2023
0.819800991,12/06/2020
0.914621558,28/04/2020
0.689970681,2/07/2017
0.491977803,3/05/2017
0.646928651,16/03/2013
0.456514957,4/08/2018
0.125446622,5/05/2015
0.604364974,28/03/2017
0.826826736,16/11/2013
0.619378251,9/02/2018
0.841053711,27/07/2019
0.427246608,16/05/2023
0.769286704,25/06/2011
0.712140791,4/05/2012
0.063367208,15/02/2013
0.426005236,13/12/2013
0.088277643,2/12/2022
0.208316819,25/03/2018
0.228260873,11/12/2014
0.050442144,10/10/2015
0.561821252,23/11/2010
0.694246144,13/02/2019
0.227942654,21/10/2022
0.960313605,27/03/2017
0.492837191,18/12/2020
0.723208685,8/11/2010
0.491363083,31/08/2018
0.845355081,31/03/2019
0.025109664,20/06/2019
0.548400243,29/01/2021
0.955454817,3/02/2021
0.140501867,2/05/2011
0.710273625,14/10/2012
0.126401889,4/12/2011
0.835656278,18/02/2019
0.298179504,5/10/2011
0.38132875,13/06/2011
0.247849336,21/12/2016
0.344981649,22/04/2020
0.419783426,24/09/2016
0.659109987,27/11/2012
0.953957049,7/05/2015
0.469893654,25/12/2018
0.150621092,18/09/2016
0.902522846,11/09/2016
0.438025703,21/11/2020
0.806755584,22/04/2011
0.481495468,7/02/2013
0.258038213,14/04/2013
0.170135811,23/08/2019
0.160610691,23/12/2010
0.66139041,18/10/2010
0.46855212,22/05/2016
0.545392841,21/03/2012
0.725098253,1/03/2017
0.52548254,15/05/2023
0.618936445,30/01/2011
0.178960911,11/06/2010
0.76772123,10/08/2015
0.816294967,27/06/2012
0.19458238,18/03/2020
0.212514095,9/05/2010
0.248830119,4/04/2012
0.748003803,25/11/2012
0.407243761,2/05/2013
0.561673808,4/06/2010
0.75050975,16/05/2011
0.551197767,7/02/2013
0.473349581,24/04/2011
0.062629869,19/10/2013
0.093946047,26/11/2010
0.580182619,20/02/2013
0.385675872,19/11/2017
0.2365209,9/05/2020
0.519537633,20/12/2022
0.641209929,10/07/2016
0.82990024,24/10/2015
0.91909415,6/06/2010
0.929400152,21/08/2016
0.645313745,23/05/2011
0.783117612,6/10/2019
0.058715961,7/07/2010
0.358361521,18/02/2020
0.479386042,9/03/2014
0.723091766,27/06/2018
0.696402699,27/07/2010
0.870710555,25/09/2014
0.708805856,25/01/2017
0.354805469,31/10/2018
0.807252718,3/03/2016
0.352788866,23/05/2021
0.753126086,13/09/2013
0.908151083,4/06/2020
0.43538521,21/09/2017
0.220247139,24/09/2011
0.037182207,24/06/2013
0.698054075,27/03/2012
0.149834014,20/01/2015
0.542437613,12/06/2012
0.796772363,16/01/2020
0.719624669,26/06/2016
0.728189657,12/08/2021
0.047816161,14/04/2011
0.451375714,5/10/2011
0.794269958,29/10/2013
0.824622325,27/03/2021
0.209051563,28/05/2015
0.168206533,26/02/2022
0.980274224,20/02/2018
0.60067001,17/05/2013
0.1516763,23/02/2015
0.292738679,17/11/2011
0.448060623,10/05/2011
0.823907825,18/10/2018
0.96940433,12/03/2021
0.295409164,24/02/2012
0.232689742,4/01/2017
0.325481038,24/09/2019
0.100372119,24/12/2014
0.330225361,27/02/2019
0.192598702,13/11/2019
0.268873636,3/06/2017
0.883529343,22/05/2015
0.670623162,24/06/2015
0.074321067,7/10/2013
0.685309204,3/04/2012
0.600815591,15/11/2021
0.706140475,12/12/2018
0.468166012,16/05/2015
0.010987934,27/07/2021
0.783295694,13/02/2022
0.621853299,30/01/2020
0.866058739,23/10/2018
0.919852337,23/04/2014
0.325398925,12/02/2013
0.915762066,15/11/2010
0.080544908,29/01/2011
0.855517681,6/01/2020
0.305028979,30/05/2012
0.736363041,12/03/2022
0.940962569,28/08/2022
0.861023237,14/09/2017
0.364170123,4/09/2022
0.912523483,7/08/2022
0.752922204,1/02/2012
0.641482409,17/12/2018
0.795450331,7/05/2018
0.984971726,7/08/2018
0.622369238,25/09/2014
0.555326487,29/12/2010
0.961066502,21/03/2018
0.915639717,27/11/2012
0.603275601,4/06/2011
0.311554107,29/04/2019
0.555152124,22/03/2016
0.937597744,19/09/2011
0.365037152,30/07/2022
0.338632298,20/05/2015
0.769683562,17/12/2010
0.301342302,6/04/2019
0.629640955,21/05/2016
0.802499725,3/10/2016
0.542235564,10/09/2019
0.630997568,11/01/2014
0.18978887,27/10/2012
0.20345269,31/01/2021
0.928351259,10/08/2019
0.413443455,21/07/2020
0.130969885,18/08/2015
0.061163004,14/12/2015
0.886073873,16/09/2017
0.592208506,6/02/2013
0.722412185,19/07/2010
0.512392999,11/06/2011
0.296068653,14/10/2014
0.639778068,22/01/2012
0.882543428,10/08/2020
0.94615073,8/09/2016
0.709416676,3/02/2020
0.923620576,14/05/2015
0.016221592,1/10/2018
0.171478289,26/05/2019
0.213989764,18/01/2021
0.845115189,27/03/2021
0.243321712,24/04/2018
0.515050354,23/03/2012
0.86318749,2/02/2020
0.040558676,7/12/2010
0.460028225,25/09/2020
0.166004848,13/11/2020
0.91538434,14/02/2011
0.409423823,25/07/2021
0.640532179,5/03/2016
0.164818412,10/09/2021
0.180980146,9/01/2023
0.996452713,16/06/2016
0.645110941,23/10/2013
0.918098417,11/05/2021
0.795065445,26/06/2020
0.913097085,20/10/2014
0.390559583,11/01/2012
0.357400493,19/08/2014
0.614361629,8/01/2023
0.192440746,16/05/2014
0.071838497,15/11/2011
0.306232937,17/08/2010
0.174576345,24/02/2014
0.887761124,12/05/2012
0.497848225,29/05/2015
0.693908092,4/01/2015
0.874216027,1/02/2020
0.018086774,7/10/2018
0.381987055,26/11/2015
0.513593025,10/02/2017
0.047222659,5/10/2014
0.80309511,3/12/2021
0.634086934,20/01/2015
0.771328214,4/02/2014
0.501763743,18/04/2018
0.711288763,16/05/2019
0.091898385,8/08/2019
0.105908774,16/08/2022
0.224913882,28/04/2020
0.417663553,30/05/2016
0.344013068,1/12/2020
0.664205957,1/10/2014
0.443363671,5/04/2019
0.306183562,4/08/2019
0.269346007,7/03/2018
0.270426595,2/12/2012
0.097689653,12/08/2018
0.992059951,5/03/2018
0.104526539,14/06/2018
0.434488461,26/12/2012
0.684687571,1/04/2014
0.329821523,1/12/2019
0.399542691,12/02/2016
0.699156542,11/11/2021
0.242523109,23/11/2016
0.027535082,15/05/2012
0.070090022,12/11/2020
0.023703277,19/05/2020
0.206601104,12/07/2012
0.698886321,6/08/2014
0.981383563,17/03/2013
0.78165158,26/09/2011
0.605474572,2/03/2019
0.20836171,10/02/2018
0.763678494,4/10/2012
0.818785997,27/10/2015
0.76111231,22/11/2012
0.828627121,30/08/2010
0.00850929,28/06/2016
0.088821236,25/04/2023
0.919880125,7/04/2011
0.638396451,1/11/2012
0.416985754,4/05/2013
0.702035525,22/11/2018
0.161026125,26/07/2013
0.377909835,6/06/2014
0.975116817,21/01/2019
0.403555179,1/04/2013
0.723759298,5/05/2021
0.38518988,15/02/2019
0.389088451,29/05/2017
0.129641767,30/08/2011
0.284750702,29/12/2013
0.130743893,2/06/2022
0.474048972,11/06/2012
0.98000919,8/07/2022
0.168340435,26/12/2017
0.181538267,2/07/2015
0.87893905,27/06/2017
0.676659968,6/08/2014
0.507443613,22/06/2022
0.481408659,30/10/2021
0.968319921,18/06/2011
0.247950108,3/04/2020
0.132814612,24/12/2017
0.068266148,6/01/2017
0.400223756,8/01/2014
0.347339602,28/07/2023
0.081346372,29/07/2022
0.040086601,17/08/2023
0.267908266,6/09/2021
0.48457769,24/02/2022
0.60384572,7/04/2016
0.212681021,13/06/2011
0.080157224,31/10/2013
0.179854281,23/12/2018
0.794959623,25/02/2015
0.529203355,19/04/2021
0.46612433,10/05/2019
0.892173726,12/05/2014
0.74195387,6/11/2011
0.763735821,1/12/2022
0.844099783,8/03/2018
0.70521749,5/12/2019
0.948442219,20/04/2014
0.144291781,22/04/2019
0.803803313,1/09/2013
0.294344136,16/02/2013
0.381373399,28/10/2015
0.237241281,20/05/2021
0.346142147,30/06/2012
0.429000226,5/09/2017
0.599860263,17/09/2018
0.565516313,10/01/2013
0.466192371,25/02/2019
0.233487973,29/07/2022
0.740812617,18/04/2011
0.295344749,29/03/2021
0.082373262,4/10/2014
0.274364788,29/07/2021
0.931059905,23/01/2021
0.881414562,20/08/2019
0.474230822,21/11/2011
0.575037013,20/03/2012
0.210332623,7/10/2013
0.59829993,31/01/2022
0.026502171,16/02/2021
0.852367961,21/02/2014
0.533807345,25/02/2011
0.098646741,13/06/2015
0.697378716,5/09/2010
0.646212738,2/02/2015
0.921282575,9/12/2013
0.288791593,1/04/2017
0.654367825,17/03/2010
0.618836569,5/07/2015
0.644347592,24/12/2011
0.587946771,1/03/2011
0.959003366,27/08/2021
0.167982874,17/08/2016
0.247764968,24/09/2021
0.520748552,31/01/2019
0.132965817,10/05/2020
0.815950621,10/12/2017
0.307842808,9/08/2017
0.346458022,14/08/2010
0.324390537,4/10/2015
0.829995133,17/02/2020
0.169780115,12/01/2017
0.278194218,11/03/2012
0.363976992,17/10/2018
0.069893523,26/05/2021
0.58909747,12/07/2017
0.084136266,3/09/2010
0.275881451,30/11/2013
0.089204103,30/09/2021
0.913931028,14/08/2017
0.230671266,2/04/2016
0.959610002,28/09/2018
0.31913768,20/04/2023
0.430796519,18/06/2020
0.91630044,2/10/2011
0.842165262,12/01/2022
0.953033957,5/05/2015
0.313625352,28/08/2012
0.880383613,18/07/2012
0.299484786,23/10/2021
0.440816927,4/08/2017
0.445704119,12/03/2019
0.429430848,9/02/2013
0.86142839,27/01/2010
0.789047852,23/07/2019
0.366230414,17/07/2023
0.33877988,21/10/2015
0.961956204,21/03/2017
0.887337486,2/01/2017
0.431841212,3/11/2018
0.892578871,7/10/2018
0.190824923,6/07/2017
0.753541243,9/09/2016
0.186718851,10/11/2019
0.489310157,21/12/2021
0.13230641,13/10/2021
0.621560014,4/11/2018
0.344160986,19/06/2020
0.598653865,1/08/2018
0.594820848,27/04/2017
0.08747629,14/10/2012
0.744905782,29/07/2022
0.725540162,30/07/2022
0.802798884,4/04/2015
0.503449929,23/10/2015
0.26467122,5/03/2014
0.536141113,26/04/2018
0.213437743,31/10/2018
0.255572001,1/12/2011
0.343209523,5/09/2023
0.314980313,20/02/2010
0.903441055,27/09/2012
0.507083995,28/12/2013
0.886809211,28/01/2013
0.195022498,14/06/2016
0.988919247,26/01/2018
0.912721336,17/08/2021
0.759085751,15/11/2020
0.887828624,5/01/2018
0.272966411,11/03/2019
0.927014772,3/04/2014
0.847612602,1/12/2012
0.465768193,19/10/2022
0.694069604,4/01/2014
0.268429825,7/11/2013
0.190492964,4/09/2019
0.413613175,19/01/2023
0.238204383,31/08/2010
0.092418988,4/03/2012
0.272612119,2/08/2019
0.009083197,6/03/2022
0.629982847,9/06/2022
0.079274339,7/10/2021
0.350416659,17/12/2022
0.600405616,14/09/2013
0.969036905,29/03/2017
0.616335429,3/07/2019
0.522410703,9/04/2013
0.52264368,11/04/2019
0.008762787,17/08/2012
0.45911845,1/10/2022
0.476186146,13/03/2015
0.974526327,8/02/2021
0.664171553,26/07/2010
0.810181665,19/01/2014
0.921875645,26/08/2021
0.095671422,2/05/2022
0.935363497,12/07/2023
0.535993177,19/11/2019
0.829615443,19/02/2023
0.816566649,23/04/2011
0.305433611,16/06/2017
0.708641828,20/07/2018
0.175792434,14/09/2020
0.192194149,6/02/2022
0.185651512,9/05/2022
0.484359622,21/03/2021
0.758644737,13/04/2015
0.302071579,15/12/2012
0.38378979,14/08/2019
0.180923946,31/08/2014
0.637251174,25/02/2017
0.55974141,10/05/2019
0.850027529,13/06/2023
0.670160155,9/11/2017
0.611801088,14/09/2020
0.906546104,10/04/2011
0.312059969,10/12/2016
0.597376054,16/01/2022
0.697989871,17/03/2021
0.826859285,6/02/2018
0.967138148,22/02/2017
0.366118504,22/05/2019
0.845270959,5/02/2023
0.391217653,22/01/2014
0.695127359,19/03/2020
0.649383582,17/07/2022
0.023566173,16/09/2013
0.926038958,28/04/2011
0.98505108,15/04/2016
0.958532115,5/02/2020
0.266328697,9/01/2013
0.675959378,9/07/2021
0.826376454,13/06/2011
0.760373181,14/01/2015
0.334622151,18/10/2019
0.980481144,18/05/2016
0.947368345,15/09/2013
0.509538037,4/08/2010
0.386735718,18/12/2018
0.597139324,2/06/2012
0.135701027,28/02/2021
0.607211727,5/11/2020
0.619044421,16/11/2016
0.160486943,6/08/2019
0.227414861,16/09/2012
0.488999386,24/07/2021
0.266255928,23/03/2022
0.986886881,30/11/2020
0.659027476,18/10/2018
0.56178796,19/01/2019
0.603972103,1/01/2013
0.192391755,26/06/2013
0.371669552,30/09/2014
0.12009952,14/09/2019
0.395709261,4/01/2010
0.039231263,15/01/2014
0.629407344,19/06/2012
0.523269695,1/12/2015
0.393105398,14/04/2022
0.8778933,14/01/2013
0.288249924,17/05/2017
0.632178188,23/09/2013
0.313025129,25/11/2010
0.145822742,5/01/2023
0.820500966,13/03/2017
0.745619803,14/12/2020
0.677873467,23/03/2010
0.205137718,29/08/2018
0.991973088,19/09/2018
0.668956528,11/09/2014
0.753881896,29/12/2022
0.645198054,4/03/2021
0.105166161,21/05/2023
0.049804813,3/02/2022
0.550795055,16/01/2018
0.027205368,3/08/2016
0.187258066,15/01/2013
0.648336424,27/09/2020
0.824718985,22/10/2011
0.915543557,10/01/2022
0.82555699,3/08/2021
0.795555044,20/05/2015
0.688114725,7/02/2021
0.338662927,1/03/2015
0.468302907,7/09/2010
0.836986916,22/04/2015
0.770487756,24/02/2018
0.595679932,21/11/2012
0.596528244,27/03/2010
0.174141001,1/05/2016
0.475667624,19/06/2017
0.933948251,11/06/2016
0.05953748,30/03/2018
0.143245462,10/06/2020
0.426780323,8/11/2013
0.56445359,12/07/2017
0.187299422,12/08/2016
0.602749523,12/05/2022
0.734878293,11/08/2020
0.068348813,26/10/2011
0.782917964,9/12/2015
0.921492709,27/09/2012
0.044282167,4/02/2013
0.713114855,29/11/2010
0.90388602,16/10/2013
0.739581504,26/04/2015
0.17217563,12/04/2011
0.186589977,30/01/2017
0.382488365,8/06/2014
0.453613275,19/10/2016
0.455131477,1/09/2023
0.173102782,9/01/2010
0.305417257,11/01/2020
0.867752101,16/12/2016
0.26023225,3/01/2010
0.68087076,23/04/2016
0.853576556,10/08/2016
0.805274312,21/11/2019
0.163516341,29/03/2018
0.471938976,4/08/2014
0.718318647,16/08/2015
0.269878589,4/02/2020
0.608237189,6/01/2019
